essay_id,essay_set
1400,1
15703,6
13546,5
10200,4
16112,6
21536,8
16189,6
6282,3
10037,4
18740,7
7433,3
19176,7
15064,6
19344,7
1230,1
9719,4
6444,3
16369,6
21293,8
18708,7
12806,5
18638,7
11886,5
15609,6
18284,7
7574,3
14862,6
10124,4
6290,3
1315,1
15631,6
715,1
10420,4
15255,6
7546,3
12862,5
12662,5
16209,6
6772,3
3017,2
13004,5
1320,1
6792,3
10113,4
7103,3
9236,4
18595,7
3510,2
4021,2
12467,5
12419,5
3790,2
16274,6
1344,1
4459,2
7351,3
741,1
9243,4
968,1
253,1
20932,8
13201,5
7466,3
3293,2
9735,4
15392,6
4391,2
15773,6
6067,3
875,1
18910,7
21545,8
15368,6
21221,8
19524,7
9506,4
21360,8
10391,4
19477,7
9071,4
18549,7
12485,5
9484,4
9316,4
10029,4
18419,7
12633,5
18018,7
9974,4
9288,4
14885,6
16512,6
13494,5
9949,4
21304,8
450,1
8891,4
9244,4
57,1
4607,2
6589,3
4050,2
7077,3
4181,2
479,1
6151,3
16444,6
12517,5
16611,6
9132,4
10134,4
12279,5
18928,7
9956,4
16326,6
10447,4
753,1
6951,3
18614,7
16273,6
15320,6
379,1
3653,2
15667,6
11966,5
14944,6
13477,5
3383,2
15101,6
16284,6
16617,6
21610,8
15021,6
1664,1
6689,3
16492,6
16038,6
3595,2
9257,4
4739,2
7116,3
12163,5
12506,5
9359,4
20857,8
14989,6
19538,7
6251,3
6217,3
10220,4
9709,4
11865,5
16332,6
228,1
10279,4
3512,2
7490,3
7114,3
16035,6
9262,4
16599,6
3843,2
1513,1
15982,6
19410,7
1689,1
502,1
18509,7
1704,1
21526,8
18479,7
3072,2
7208,3
516,1
18295,7
9639,4
7646,3
3899,2
823,1
18765,7
18553,7
13061,5
10282,4
7006,3
10039,4
3643,2
477,1
10261,4
12748,5
15315,6
9561,4
10249,4
12392,5
18760,7
18178,7
4111,2
10258,4
7520,3
483,1
15633,6
16600,6
20828,8
3772,2
15105,6
19010,7
9978,4
15700,6
21126,8
18544,7
1601,1
6292,3
16616,6
1354,1
9021,4
8973,4
6173,3
16081,6
21107,8
12181,5
11957,5
12856,5
15848,6
9311,4
15789,6
3957,2
21343,8
16539,6
6081,3
5997,3
10499,4
16351,6
1451,1
15752,6
1023,1
708,1
7206,3
3061,2
9107,4
16569,6
13258,5
12691,5
3769,2
16434,6
4151,2
6138,3
6310,3
18039,7
1424,1
1106,1
18171,7
20862,8
1563,1
15521,6
8903,4
13391,5
18292,7
4718,2
13027,5
4595,2
21101,8
6606,3
20914,8
21000,8
16528,6
3847,2
18496,7
6872,3
18885,7
16163,6
293,1
4031,2
15469,6
9541,4
15972,6
4065,2
15357,6
8988,4
15091,6
8938,4
13123,5
1323,1
3925,2
7140,3
15404,6
21241,8
3423,2
21459,8
12454,5
19266,7
6854,3
12738,5
359,1
18882,7
18375,7
840,1
267,1
3201,2
12478,5
15352,6
3557,2
7612,3
16627,6
15435,6
7184,3
829,1
13188,5
12446,5
21144,8
1446,1
12555,5
13086,5
3943,2
12573,5
10462,4
4256,2
21012,8
10155,4
18037,7
3158,2
4320,2
13435,5
15861,6
1130,1
12631,5
19147,7
7214,3
13163,5
7187,3
9207,4
7380,3
1548,1
4458,2
21426,8
13206,5
3463,2
9898,4
15262,6
9501,4
133,1
12752,5
16093,6
606,1
7241,3
11893,5
396,1
19150,7
18046,7
9355,4
6324,3
7626,3
6844,3
18472,7
12172,5
3472,2
18084,7
4429,2
16568,6
15270,6
6815,3
16574,6
6901,3
404,1
18944,7
8872,4
15137,6
15899,6
4598,2
8940,4
6279,3
7153,3
12869,5
7137,3
1578,1
19360,7
15908,6
3618,2
18347,7
7645,3
19024,7
21324,8
9370,4
15920,6
18563,7
18438,7
16409,6
812,1
15495,6
3845,2
10032,4
21471,8
16053,6
4385,2
6016,3
1707,1
18090,7
7371,3
6046,3
9340,4
20972,8
18758,7
18141,7
4565,2
21494,8
7141,3
6784,3
16194,6
15620,6
9859,4
15230,6
19174,7
17910,7
667,1
14911,6
15606,6
16455,6
4542,2
1573,1
465,1
746,1
223,1
13243,5
6390,3
10491,4
628,1
15181,6
15397,6
16339,6
10343,4
9891,4
19083,7
459,1
16363,6
12504,5
3816,2
12263,5
7165,3
12812,5
12908,5
13566,5
1765,1
845,1
18630,7
18206,7
19350,7
4097,2
13397,5
7581,3
15842,6
15877,6
9099,4
7276,3
14848,6
9812,4
4626,2
19527,7
18297,7
18530,7
12583,5
8935,4
21191,8
9520,4
15558,6
7639,3
18832,7
10559,4
13473,5
15221,6
371,1
18053,7
5988,3
1420,1
13126,5
21482,8
9684,4
16121,6
12257,5
12451,5
1726,1
18981,7
6456,3
21029,8
3019,2
15322,6
8878,4
16390,6
12821,5
4427,2
3113,2
7289,3
1574,1
18754,7
350,1
1247,1
10637,4
15753,6
7136,3
6794,3
12886,5
16267,6
18546,7
7271,3
12646,5
7249,3
12931,5
10426,4
17931,7
7300,3
18778,7
15202,6
15147,6
1226,1
7278,3
3329,2
18030,7
19338,7
7482,3
512,1
15017,6
10349,4
751,1
1264,1
3083,2
714,1
18608,7
19122,7
16404,6
12615,5
9258,4
4524,2
4488,2
10165,4
16186,6
19375,7
21176,8
13444,5
105,1
2989,2
3581,2
7529,3
9816,4
1663,1
213,1
9805,4
6816,3
19533,7
1364,1
336,1
18365,7
4305,2
795,1
234,1
10209,4
1067,1
210,1
15873,6
9969,4
12152,5
12083,5
3608,2
17902,7
19159,7
15980,6
14919,6
874,1
1268,1
1623,1
6742,3
3609,2
9581,4
1224,1
1770,1
7383,3
10177,4
18792,7
3196,2
15169,6
6998,3
12768,5
4777,2
3718,2
18609,7
7170,3
4273,2
1310,1
9827,4
6778,3
16521,6
21548,8
12893,5
3360,2
620,1
21134,8
12863,5
12287,5
21059,8
13619,5
12330,5
13621,5
21291,8
3199,2
20907,8
4242,2
18733,7
10623,4
15254,6
12361,5
4290,2
9117,4
4480,2
9763,4
17951,7
9073,4
1318,1
7679,3
16037,6
10001,4
4098,2
9570,4
4528,2
4248,2
15570,6
21626,8
3464,2
9620,4
11951,5
13373,5
12980,5
15902,6
18455,7
16261,6
12201,5
18800,7
3309,2
13604,5
16314,6
13230,5
3797,2
21506,8
21434,8
12569,5
15990,6
17868,7
523,1
16443,6
18710,7
12873,5
18839,7
1095,1
17937,7
19386,7
15788,6
6167,3
1112,1
1041,1
7424,3
21,1
9999,4
15971,6
937,1
16347,6
18982,7
21090,8
1731,1
6887,3
14866,6
11896,5
1742,1
10069,4
564,1
8943,4
19250,7
16557,6
1166,1
11945,5
13422,5
7628,3
1532,1
9392,4
4125,2
59,1
21123,8
17928,7
18263,7
6880,3
3486,2
12191,5
18337,7
10495,4
13029,5
15967,6
1654,1
9478,4
3919,2
12840,5
10062,4
19081,7
14948,6
20809,8
7324,3
10512,4
10609,4
18956,7
6266,3
13102,5
20823,8
4102,2
21215,8
4733,2
12424,5
6812,3
14858,6
13518,5
3012,2
21235,8
6345,3
339,1
3267,2
18459,7
18624,7
9753,4
4708,2
4010,2
16603,6
16238,6
20906,8
21292,8
769,1
6178,3
9472,4
1148,1
16551,6
3705,2
15355,6
3468,2
10525,4
15593,6
15173,6
9323,4
7439,3
10052,4
6930,3
18031,7
1677,1
10528,4
18669,7
6451,3
21250,8
3003,2
3470,2
6157,3
7677,3
15113,6
15294,6
7288,3
3240,2
15428,6
7513,3
1300,1
10207,4
6348,3
7346,3
6714,3
13447,5
447,1
861,1
6836,3
844,1
9388,4
10206,4
15969,6
997,1
11963,5
16577,6
1559,1
3168,2
20770,8
21374,8
12962,5
16095,6
3708,2
4030,2
12730,5
3428,2
4245,2
15235,6
403,1
9153,4
9280,4
9379,4
1026,1
4493,2
7293,3
12288,5
21236,8
18881,7
9577,4
10377,4
9402,4
18940,7
18863,7
6476,3
806,1
1555,1
1012,1
21582,8
3932,2
651,1
11860,5
4057,2
18219,7
15952,6
553,1
15699,6
11946,5
212,1
18019,7
17839,7
10276,4
20819,8
4738,2
9198,4
1443,1
3710,2
4063,2
3629,2
15387,6
21586,8
7262,3
1319,1
12695,5
10080,4
6375,3
13,1
821,1
3979,2
18448,7
456,1
12103,5
21118,8
1661,1
4652,2
16024,6
18566,7
18276,7
18481,7
4103,2
12374,5
943,1
7461,3
16057,6
16003,6
9313,4
9578,4
13021,5
7032,3
9832,4
7514,3
1405,1
31,1
6073,3
15840,6
10083,4
9110,4
13039,5
12062,5
1111,1
15876,6
19005,7
4424,2
18596,7
21325,8
12823,5
4514,2
10487,4
17884,7
10327,4
3748,2
15201,6
12248,5
12271,5
15658,6
1568,1
10511,4
9666,4
4266,2
16052,6
18497,7
6871,3
9127,4
16227,6
12082,5
7361,3
10449,4
17889,7
13287,5
9687,4
6999,3
18495,7
9521,4
19246,7
3408,2
15419,6
10379,4
18871,7
7437,3
3306,2
16632,6
19030,7
12101,5
19211,7
6843,3
18984,7
15697,6
9322,4
10633,4
16365,6
13591,5
13430,5
358,1
1434,1
10247,4
21151,8
15333,6
11935,5
334,1
16583,6
18836,7
6621,3
967,1
121,1
7284,3
9627,4
7108,3
4476,2
3565,2
3739,2
9857,4
12626,5
4080,2
13442,5
3373,2
18769,7
9304,4
12874,5
4318,2
19556,7
1549,1
21623,8
20826,8
15256,6
16534,6
13070,5
13506,5
12045,5
948,1
6948,3
18821,7
9923,4
18705,7
20840,8
1680,1
16364,6
1566,1
9302,4
21476,8
6939,3
16056,6
1098,1
15194,6
18662,7
4482,2
17886,7
13129,5
3800,2
1397,1
15171,6
18436,7
755,1
1716,1
6133,3
21264,8
18280,7
4410,2
12015,5
9768,4
1782,1
6509,3
1775,1
18255,7
9067,4
4217,2
6625,3
4207,2
19119,7
10020,4
7017,3
15494,6
15168,6
12111,5
13347,5
530,1
12732,5
19184,7
6661,3
6659,3
16071,6
3114,2
704,1
9492,4
12841,5
16188,6
12069,5
16226,6
7267,3
1303,1
7663,3
1357,1
4121,2
18858,7
1292,1
20793,8
16578,6
11923,5
10440,4
6093,3
3208,2
18367,7
6770,3
21387,8
7551,3
16605,6
3342,2
10057,4
12846,5
13304,5
12033,5
14851,6
19357,7
18273,7
13419,5
20971,8
15454,6
813,1
12024,5
3268,2
14987,6
15734,6
15479,6
888,1
1482,1
2985,2
12004,5
3203,2
18322,7
685,1
6291,3
18615,7
13277,5
7427,3
58,1
19460,7
3594,2
12378,5
21014,8
6522,3
11881,5
19470,7
1473,1
1421,1
12918,5
3553,2
12793,5
8961,4
18262,7
18194,7
16553,6
6923,3
7008,3
15557,6
16415,6
6265,3
20957,8
18380,7
18179,7
19327,7
15098,6
16173,6
7072,3
1058,1
3476,2
15610,6
9267,4
3119,2
7306,3
16622,6
18978,7
1078,1
1118,1
6332,3
4728,2
12375,5
463,1
4227,2
6604,3
18799,7
16168,6
1457,1
3344,2
321,1
9364,4
10196,4
3117,2
14965,6
18766,7
21060,8
19282,7
18147,7
12774,5
3324,2
20765,8
21505,8
15417,6
3704,2
1055,1
10306,4
14860,6
6463,3
1461,1
9771,4
364,1
10430,4
21408,8
4340,2
16242,6
10252,4
11996,5
14986,6
7563,3
21190,8
543,1
6632,3
18180,7
12110,5
21042,8
757,1
9674,4
3198,2
3737,2
10254,4
9178,4
18230,7
6668,3
101,1
7164,3
7279,3
12571,5
604,1
13002,5
18811,7
18054,7
3626,2
1047,1
16012,6
1562,1
7408,3
1492,1
15056,6
19212,7
11956,5
3310,2
15085,6
621,1
9261,4
9944,4
9325,4
4591,2
1605,1
16360,6
15913,6
1620,1
1757,1
10494,4
10402,4
3278,2
19475,7
15267,6
15077,6
16342,6
15653,6
678,1
3740,2
21440,8
17965,7
6395,3
21083,8
176,1
15424,6
6004,3
16127,6
6183,3
8923,4
3420,2
4244,2
10394,4
1129,1
9920,4
20836,8
12124,5
3636,2
1327,1
1608,1
6607,3
16065,6
18383,7
6461,3
1299,1
7406,3
19428,7
15162,6
9018,4
6467,3
1512,1
1564,1
19232,7
16449,6
8979,4
16524,6
12600,5
3031,2
19026,7
9950,4
1359,1
14841,6
9303,4
18681,7
7242,3
7121,3
10315,4
6428,3
12654,5
10125,4
9955,4
21055,8
18798,7
13496,5
3446,2
1028,1
16066,6
9988,4
12853,5
9050,4
4592,2
315,1
639,1
18629,7
13023,5
17921,7
7624,3
10143,4
9704,4
4165,2
19156,7
10385,4
6281,3
21131,8
15976,6
7169,3
9341,4
15244,6
13560,5
19305,7
15713,6
21272,8
16101,6
3035,2
19550,7
11891,5
6069,3
16133,6
18454,7
7096,3
21587,8
4515,2
3467,2
19489,7
6651,3
7171,3
13482,5
7107,3
850,1
20724,8
10602,4
10283,4
12848,5
13199,5
6995,3
1422,1
9609,4
6244,3
607,1
10395,4
3273,2
13152,5
3506,2
20856,8
6740,3
12735,5
3177,2
15890,6
6863,3
200,1
488,1
4465,2
7122,3
4018,2
6949,3
4440,2
6850,3
14947,6
18132,7
6145,3
3397,2
15793,6
16570,6
3989,2
9031,4
16562,6
14914,6
527,1
18387,7
950,1
16156,6
16239,6
1285,1
123,1
6763,3
8887,4
15486,6
3497,2
18958,7
18423,7
1008,1
4655,2
17919,7
15682,6
18906,7
4250,2
4761,2
8885,4
3327,2
11967,5
15870,6
9368,4
230,1
13236,5
6397,3
19131,7
18025,7
12492,5
4202,2
10288,4
6985,3
6618,3
6702,3
12464,5
10408,4
3945,2
21419,8
9476,4
6773,3
4139,2
9247,4
3913,2
12632,5
12826,5
10126,4
10639,4
21199,8
7630,3
12594,5
6557,3
18258,7
15949,6
15639,6
18845,7
12057,5
18626,7
18870,7
12621,5
7266,3
19379,7
1020,1
18510,7
9326,4
13478,5
3123,2
353,1
21276,8
19420,7
18066,7
12453,5
3695,2
10390,4
13093,5
567,1
1587,1
3370,2
21120,8
21598,8
6329,3
3902,2
21421,8
7611,3
13510,5
4730,2
9839,4
13105,5
12673,5
6135,3
16103,6
824,1
3258,2
13512,5
82,1
13611,5
19302,7
3892,2
834,1
6972,3
6222,3
12319,5
13630,5
4028,2
15313,6
19351,7
13193,5
12585,5
49,1
13623,5
12642,5
12885,5
15875,6
21308,8
15710,6
6491,3
3884,2
10189,4
8907,4
7243,3
7610,3
16236,6
3568,2
13095,5
3953,2
13084,5
12401,5
12544,5
9794,4
6276,3
18932,7
15817,6
13229,5
7333,3
19186,7
15918,6
12306,5
7635,3
6341,3
18724,7
3359,2
4081,2
9487,4
15339,6
519,1
16555,6
18269,7
173,1
642,1
9295,4
12066,5
7465,3
1147,1
15292,6
15180,6
18038,7
3027,2
13161,5
15401,6
6082,3
15798,6
12223,5
6935,3
13599,5
13111,5
837,1
3681,2
15661,6
10237,4
12445,5
10481,4
18672,7
12678,5
11993,5
66,1
9630,4
12437,5
13568,5
3219,2
16240,6
357,1
8914,4
12758,5
7160,3
16265,6
16468,6
19193,7
18511,7
15182,6
6966,3
4322,2
9015,4
310,1
16325,6
13587,5
19478,7
10231,4
6751,3
13357,5
9758,4
5982,3
15119,6
3778,2
18226,7
3965,2
7210,3
15305,6
13586,5
7487,3
10243,4
7571,3
4404,2
12668,5
6301,3
12952,5
21004,8
10186,4
12008,5
3574,2
14998,6
12054,5
6565,3
18601,7
4623,2
6818,3
1104,1
10641,4
9892,4
20871,8
4445,2
6806,3
6536,3
4752,2
12777,5
119,1
3217,2
6996,3
15573,6
12355,5
18466,7
18929,7
21021,8
16629,6
7627,3
10293,4
7079,3
7402,3
18301,7
19229,7
6670,3
9024,4
11878,5
88,1
18579,7
4577,2
18161,7
16062,6
406,1
21183,8
4545,2
17970,7
9282,4
15106,6
3436,2
15210,6
9256,4
13260,5
1030,1
21141,8
10493,4
3631,2
15400,6
13516,5
7698,3
1283,1
3237,2
13121,5
7557,3
1430,1
7426,3
7681,3
12515,5
1507,1
21195,8
18319,7
16586,6
9749,4
18340,7
681,1
14983,6
7665,3
15660,6
12694,5
7453,3
12329,5
10510,4
1073,1
9549,4
3675,2
19183,7
4587,2
1102,1
9038,4
12340,5
16020,6
421,1
12940,5
18977,7
3142,2
4531,2
3494,2
12429,5
18636,7
21300,8
209,1
20764,8
6078,3
10515,4
9782,4
21156,8
531,1
8883,4
782,1
725,1
9163,4
18606,7
3055,2
18197,7
20911,8
18182,7
20796,8
3187,2
3527,2
13177,5
13329,5
12459,5
4654,2
20861,8
9880,4
15340,6
12799,5
9046,4
6916,3
10338,4
7538,3
9807,4
19094,7
258,1
15838,6
15769,6
18388,7
16318,6
13051,5
6021,3
705,1
4384,2
506,1
18676,7
8995,4
3751,2
851,1
3443,2
375,1
20769,8
8871,4
10577,4
7703,3
6448,3
6333,3
21450,8
18703,7
6472,3
1000,1
6729,3
15177,6
1180,1
21113,8
554,1
7238,3
6769,3
4692,2
16128,6
9206,4
16139,6
12761,5
7576,3
13371,5
18514,7
15901,6
14846,6
696,1
3728,2
7410,3
4638,2
985,1
13312,5
19518,7
6619,3
92,1
3461,2
15253,6
9625,4
12978,5
13025,5
262,1
4532,2
9051,4
15855,6
20831,8
12514,5
448,1
7511,3
4750,2
3389,2
12349,5
18556,7
4062,2
3721,2
13368,5
9900,4
13603,5
1172,1
6540,3
7549,3
85,1
4344,2
15669,6
883,1
12630,5
9965,4
12259,5
1472,1
15443,6
9196,4
13064,5
15921,6
6723,3
6440,3
15992,6
6533,3
4234,2
10635,4
18930,7
9441,4
582,1
7636,3
15052,6
15502,6
17896,7
9142,4
16170,6
3662,2
6553,3
18925,7
416,1
405,1
6825,3
3279,2
4252,2
15673,6
165,1
18817,7
6699,3
18779,7
15655,6
4512,2
16352,6
6330,3
3042,2
16193,6
1339,1
15929,6
756,1
4259,2
10520,4
709,1
4686,2
6971,3
12864,5
9135,4
9266,4
4346,2
19437,7
6195,3
6418,3
1077,1
13424,5
10384,4
4633,2
12380,5
18842,7
13372,5
3624,2
247,1
6211,3
10009,4
6028,3
13396,5
3457,2
3441,2
838,1
7464,3
435,1
21180,8
1177,1
12239,5
10092,4
7054,3
7689,3
6153,3
13457,5
251,1
15408,6
21269,8
16546,6
18993,7
9618,4
4602,2
3924,2
21460,8
21081,8
436,1
12983,5
15784,6
19068,7
15094,6
21157,8
10264,4
15647,6
9184,4
6398,3
7151,3
1337,1
13278,5
18083,7
10262,4
1448,1
12679,5
9417,4
6707,3
7298,3
18022,7
11906,5
12373,5
16198,6
10630,4
3764,2
15242,6
6674,3
6062,3
10357,4
3641,2
15334,6
6053,3
16422,6
4367,2
1227,1
15353,6
6562,3
547,1
1208,1
9770,4
16287,6
19091,7
3832,2
21106,8
9767,4
17955,7
12001,5
18541,7
880,1
16477,6
197,1
21204,8
4578,2
6776,3
14901,6
18675,7
4192,2
6304,3
3766,2
10213,4
18406,7
19459,7
20936,8
9276,4
7368,3
7109,3
6559,3
9389,4
17871,7
15706,6
3877,2
10448,4
3703,2
9657,4
1515,1
6711,3
21448,8
8910,4
1249,1
9838,4
12930,5
18670,7
6517,3
7394,3
15360,6
18551,7
12400,5
15886,6
7662,3
255,1
9714,4
6909,3
13009,5
7559,3
17865,7
762,1
9035,4
657,1
7697,3
9367,4
7688,3
4087,2
4596,2
9191,4
1425,1
4239,2
4025,2
13525,5
330,1
13564,5
254,1
20901,8
8877,4
10427,4
6774,3
7492,3
8931,4
4214,2
4224,2
3831,2
12996,5
12353,5
4213,2
4140,2
6055,3
15136,6
12964,5
10486,4
3858,2
8932,4
13008,5
1367,1
9993,4
9087,4
4676,2
21023,8
17985,7
18166,7
18186,7
7512,3
9588,4
12707,5
13533,5
4075,2
12721,5
4576,2
18035,7
1307,1
17837,7
7356,3
7234,3
13576,5
16148,6
9275,4
18232,7
14898,6
945,1
16536,6
4430,2
4452,2
16312,6
15564,6
177,1
438,1
11952,5
309,1
1570,1
6360,3
3330,2
12265,5
18621,7
12532,5
7376,3
13579,5
16571,6
598,1
16483,6
7023,3
8886,4
13495,5
12272,5
19001,7
3818,2
16143,6
6970,3
18067,7
19153,7
232,1
180,1
740,1
20993,8
15621,6
19085,7
6261,3
9420,4
10605,4
110,1
9260,4
19414,7
1326,1
9491,4
3190,2
11954,5
9777,4
19151,7
12037,5
803,1
18985,7
3281,2
9055,4
15825,6
70,1
8921,4
9237,4
11958,5
13538,5
7570,3
1685,1
380,1
1474,1
9517,4
3798,2
6578,3
12214,5
18033,7
16031,6
20734,8
6902,3
15958,6
6627,3
4286,2
3921,2
480,1
1334,1
3478,2
6128,3
21044,8
9428,4
12031,5
754,1
19508,7
17973,7
18100,7
876,1
19215,7
13306,5
13198,5
6962,3
1550,1
742,1
18310,7
3878,2
15909,6
21557,8
7521,3
13376,5
4713,2
13288,5
3549,2
18138,7
10077,4
776,1
9574,4
18668,7
7600,3
18770,7
644,1
15375,6
10265,4
13509,5
4398,2
6706,3
7604,3
868,1
9070,4
13065,5
20921,8
13040,5
21442,8
15163,6
12855,5
13476,5
965,1
15429,6
18143,7
13490,5
15038,6
17859,7
4504,2
3361,2
366,1
15887,6
6119,3
4020,2
10508,4
5992,3
7124,3
549,1
4135,2
474,1
1646,1
11995,5
4533,2
15142,6
1176,1
12831,5
7673,3
13145,5
18353,7
21148,8
13402,5
16047,6
11834,5
18300,7
1415,1
12896,5
12993,5
21521,8
15612,6
3889,2
818,1
3326,2
2992,2
6973,3
7590,3
4317,2
9408,4
8919,4
12235,5
6672,3
19296,7
4284,2
19249,7
18189,7
21605,8
21003,8
7653,3
238,1
1537,1
19522,7
13330,5
4605,2
4026,2
19096,7
1540,1
6275,3
7702,3
10191,4
12096,5
1304,1
9053,4
18460,7
15231,6
1485,1
3988,2
1606,1
21263,8
7491,3
3524,2
10506,4
20947,8
12563,5
21188,8
6057,3
15722,6
558,1
7223,3
1167,1
9235,4
13041,5
7113,3
400,1
16039,6
3701,2
18649,7
19505,7
13283,5
12479,5
12012,5
15363,6
726,1
301,1
18076,7
12023,5
6691,3
12283,5
6582,3
12085,5
9847,4
21350,8
4337,2
13353,5
13519,5
10359,4
4400,2
7354,3
6980,3
19022,7
20926,8
16408,6
21281,8
16157,6
1156,1
20994,8
1216,1
6900,3
16604,6
21138,8
9450,4
15413,6
8981,4
12900,5
14893,6
668,1
18949,7
9550,4
645,1
19280,7
6163,3
6669,3
9680,4
9930,4
789,1
4052,2
9668,4
4397,2
12892,5
19541,7
6584,3
19316,7
17922,7
7222,3
9623,4
4100,2
7024,3
10108,4
999,1
18222,7
16023,6
12360,5
9077,4
18260,7
157,1
13290,5
4280,2
14992,6
1557,1
13118,5
10614,4
13159,5
6191,3
498,1
13241,5
3516,2
11970,5
9902,4
152,1
10640,4
15818,6
12231,5
13622,5
1743,1
4196,2
18749,7
13036,5
14904,6
18939,7
18801,7
4078,2
6116,3
21194,8
18267,7
18013,7
9025,4
13326,5
13137,5
3471,2
7221,3
7102,3
6858,3
346,1
11838,5
6532,3
15311,6
19421,7
18843,7
3418,2
6593,3
3779,2
18818,7
14957,6
7481,3
16464,6
12303,5
19139,7
7132,3
12389,5
1470,1
6991,3
3429,2
12586,5
6299,3
9395,4
284,1
19313,7
9946,4
18332,7
9732,4
14868,6
13083,5
6547,3
10376,4
9494,4
21077,8
15871,6
17930,7
3316,2
9867,4
7411,3
9414,4
15954,6
10600,4
4356,2
3825,2
16228,6
18243,7
13420,5
18897,7
1207,1
13552,5
619,1
3121,2
4309,2
3836,2
18887,7
3757,2
19438,7
3923,2
9283,4
10093,4
16248,6
10438,4
3321,2
12126,5
17924,7
21502,8
13020,5
808,1
7092,3
10061,4
12659,5
11852,5
4335,2
6677,3
8892,4
15746,6
569,1
10319,4
550,1
27,1
1070,1
6314,3
6883,3
12371,5
8952,4
14920,6
9745,4
10389,4
1225,1
13057,5
3743,2
20760,8
440,1
12150,5
18173,7
21033,8
3056,2
3894,2
15008,6
12606,5
3676,2
13194,5
18127,7
3901,2
12167,5
328,1
7535,3
8879,4
3694,2
1007,1
19175,7
11929,5
12372,5
6407,3
18852,7
537,1
6166,3
6356,3
17935,7
15733,6
588,1
17838,7
14979,6
12247,5
9354,4
18533,7
13528,5
494,1
10049,4
20999,8
12844,5
15206,6
12782,5
16138,6
4743,2
11978,5
3111,2
4380,2
10055,4
3105,2
6430,3
18759,7
1137,1
17941,7
7480,3
3713,2
15279,6
1322,1
6765,3
122,1
19291,7
3644,2
10409,4
9217,4
9636,4
12081,5
3796,2
1527,1
4679,2
3368,2
4478,2
6952,3
6000,3
20743,8
21384,8
10128,4
19037,7
6164,3
12789,5
14839,6
6434,3
4697,2
1412,1
7029,3
12728,5
20979,8
7334,3
12972,5
21361,8
11863,5
3774,2
16407,6
4464,2
20902,8
3062,2
9104,4
11851,5
21480,8
18995,7
3716,2
12267,5
3015,2
12310,5
52,1
6284,3
7587,3
18809,7
4772,2
6963,3
13172,5
12354,5
16633,6
9948,4
11964,5
3053,2
6175,3
20863,8
7360,3
4004,2
20821,8
501,1
21615,8
19257,7
7598,3
7472,3
428,1
6681,3
13575,5
12123,5
229,1
10596,4
18996,7
3936,2
7537,3
18582,7
12767,5
12953,5
21140,8
4116,2
9557,4
9273,4
16268,6
9138,4
18121,7
6049,3
12482,5
10517,4
1132,1
13127,5
3526,2
3403,2
14976,6
18789,7
21111,8
4348,2
12270,5
21045,8
15205,6
20982,8
9797,4
7389,3
3569,2
1637,1
12934,5
3493,2
13091,5
6649,3
12210,5
3916,2
15862,6
11840,5
12393,5
11857,5
1741,1
19385,7
15578,6
9291,4
13593,5
21294,8
15367,6
7494,3
3835,2
11989,5
18745,7
19563,7
14984,6
16496,6
3745,2
11918,5
17904,7
941,1
13148,5
21380,8
10006,4
21567,8
9991,4
21167,8
7250,3
3839,2
18573,7
4360,2
6035,3
7469,3
11904,5
16309,6
6884,3
3256,2
7043,3
12022,5
4007,2
19476,7
18422,7
21078,8
18921,7
3744,2
21154,8
12927,5
21633,8
15868,6
6570,3
10129,4
18594,7
1027,1
7246,3
13524,5
18797,7
3146,2
13046,5
354,1
16303,6
13411,5
9034,4
16141,6
7195,3
10164,4
6058,3
13081,5
7055,3
9971,4
10250,4
4345,2
12830,5
21339,8
7211,3
10421,4
9525,4
15096,6
7543,3
4134,2
18386,7
6908,3
1345,1
20885,8
1396,1
13116,5
19328,7
16029,6
15399,6
16106,6
12205,5
9703,4
9924,4
1588,1
1417,1
15150,6
18590,7
3451,2
15566,6
15260,6
12435,5
3407,2
9158,4
3817,2
21489,8
9560,4
8971,4
7337,3
15433,6
6020,3
11994,5
6664,3
18909,7
466,1
1759,1
10593,4
12528,5
9193,4
12203,5
9937,4
10403,4
13079,5
381,1
4301,2
7201,3
1340,1
18652,7
21122,8
3911,2
13060,5
12133,5
9000,4
14859,6
18963,7
13405,5
3006,2
9879,4
13056,5
12529,5
3089,2
20728,8
12164,5
16067,6
13497,5
9778,4
12399,5
1193,1
7594,3
18599,7
14834,6
10361,4
4649,2
20884,8
12149,5
10345,4
15761,6
10363,4
9985,4
10393,4
14899,6
15630,6
7011,3
6388,3
19293,7
1033,1
12624,5
3415,2
6170,3
15161,6
16007,6
1760,1
13077,5
15807,6
15503,6
6724,3
18287,7
111,1
20778,8
15577,6
16459,6
9286,4
4112,2
12020,5
19102,7
9883,4
1520,1
20721,8
19245,7
19017,7
18088,7
3458,2
12403,5
11850,5
18215,7
18064,7
896,1
1495,1
3045,2
15481,6
13101,5
326,1
1219,1
4128,2
7087,3
15553,6
15263,6
19319,7
19198,7
21168,8
1133,1
12860,5
4113,2
12422,5
4279,2
6986,3
6701,3
3990,2
10308,4
801,1
9789,4
737,1
19009,7
3439,2
179,1
14934,6
15787,6
1178,1
11883,5
14949,6
3026,2
16438,6
12028,5
16371,6
1786,1
4396,2
199,1
10008,4
21072,8
6483,3
7593,3
551,1
4534,2
19547,7
12509,5
15686,6
19503,7
3727,2
10480,4
3509,2
15538,6
15183,6
17852,7
10321,4
67,1
7527,3
7110,3
7614,3
4455,2
7432,3
3767,2
13620,5
19164,7
625,1
1686,1
12006,5
790,1
4527,2
9947,4
16426,6
9564,4
13031,5
18583,7
4475,2
12772,5
15082,6
19116,7
13537,5
10476,4
19340,7
518,1
9715,4
481,1
16445,6
11982,5
13624,5
3842,2
16587,6
18853,7
3235,2
13109,5
1036,1
12693,5
16458,6
3793,2
10591,4
9748,4
12386,5
18507,7
15115,6
12455,5
347,1
9075,4
10459,4
3066,2
4172,2
17915,7
6382,3
20984,8
4083,2
13468,5
7021,3
7216,3
13503,5
12438,5
221,1
19210,7
13173,5
12903,5
17962,7
12541,5
10483,4
13245,5
6412,3
18720,7
6645,3
15880,6
19158,7
15034,6
18048,7
9423,4
10044,4
12075,5
1269,1
13157,5
6638,3
9205,4
11910,5
19071,7
15326,6
19197,7
12710,5
14955,6
4076,2
1682,1
12039,5
15775,6
904,1
15864,6
3491,2
4597,2
11858,5
297,1
18632,7
6549,3
16491,6
15110,6
28,1
12213,5
15560,6
10331,4
6225,3
9801,4
14941,6
10043,4
4443,2
18492,7
16223,6
6788,3
3775,2
12207,5
18682,7
13571,5
1375,1
21390,8
17964,7
15022,6
9105,4
18751,7
7654,3
684,1
19376,7
7173,3
8976,4
4354,2
15383,6
4182,2
7307,3
3077,2
10444,4
10317,4
19549,7
3135,2
4491,2
4729,2
16612,6
6125,3
493,1
9263,4
1185,1
1380,1
7413,3
16218,6
12475,5
629,1
7156,3
19059,7
3307,2
14910,6
15888,6
10456,4
1772,1
15464,6
6577,3
15774,6
18392,7
1467,1
9936,4
4082,2
12383,5
687,1
6937,3
6912,3
15927,6
18172,7
10230,4
10364,4
10010,4
19362,7
1371,1
6312,3
21298,8
3834,2
20746,8
9157,4
18976,7
9284,4
9285,4
16214,6
7696,3
14924,6
3495,2
7185,3
4133,2
9214,4
13616,5
18456,7
13078,5
3174,2
9535,4
6199,3
6932,3
13511,5
18723,7
12079,5
12495,5
16358,6
15281,6
18416,7
7198,3
3475,2
12262,5
13254,5
10259,4
6866,3
7533,3
21166,8
10240,4
8982,4
1001,1
6526,3
7666,3
18924,7
21306,8
2979,2
4377,2
18468,7
497,1
12298,5
16027,6
21233,8
4055,2
3233,2
6437,3
15904,6
4092,2
369,1
852,1
13231,5
12240,5
13364,5
12998,5
3848,2
4698,2
14892,6
9651,4
1546,1
10624,4
18742,7
324,1
3226,2
7489,3
12770,5
816,1
3723,2
19468,7
12312,5
9932,4
9837,4
20908,8
19189,7
7674,3
1082,1
3421,2
16084,6
19135,7
4710,2
3900,2
15662,6
11949,5
1168,1
4456,2
13487,5
11856,5
1455,1
9683,4
6626,3
19432,7
6258,3
4131,2
16429,6
6313,3
9041,4
12984,5
16519,6
1728,1
15511,6
21340,8
16620,6
6452,3
20827,8
4194,2
13001,5
18957,7
1236,1
1519,1
3508,2
15458,6
1456,1
18072,7
15174,6
18467,7
14849,6
18265,7
6718,3
13544,5
841,1
21484,8
10027,4
12587,5
18128,7
6295,3
18227,7
4762,2
19314,7
9006,4
4282,2
18371,7
18433,7
6944,3
7090,3
1719,1
12534,5
6667,3
341,1
15596,6
6482,3
10222,4
906,1
16502,6
4413,2
591,1
4560,2
3865,2
9069,4
5984,3
35,1
29,1
3590,2
12327,5
16340,6
9060,4
21284,8
3365,2
19467,7
12661,5
892,1
6274,3
4517,2
19497,7
4709,2
21533,8
17986,7
9228,4
21299,8
3969,2
10116,4
6129,3
12716,5
20757,8
15830,6
6926,3
1659,1
6671,3
220,1
224,1
18401,7
12130,5
12261,5
9538,4
6636,3
9438,4
1595,1
18364,7
4451,2
12566,5
12591,5
12832,5
3376,2
18114,7
15650,6
1478,1
9722,4
9659,4
15791,6
7617,3
15755,6
15637,6
7215,3
15065,6
17967,7
10078,4
10064,4
1213,1
12052,5
424,1
18816,7
1711,1
1162,1
3501,2
274,1
172,1
6352,3
9161,4
19273,7
7264,3
19148,7
4383,2
1730,1
16033,6
15543,6
1569,1
1787,1
846,1
19430,7
15878,6
907,1
4689,2
21093,8
13166,5
1552,1
17998,7
3275,2
15859,6
15672,6
12367,5
6381,3
15332,6
13474,5
15188,6
15471,6
16582,6
7075,3
10090,4
6216,3
7609,3
3841,2
12297,5
15889,6
13156,5
257,1
16241,6
15785,6
6747,3
17932,7
20924,8
9479,4
9922,4
20727,8
3350,2
15430,6
18775,7
10244,4
6111,3
6453,3
15447,6
17918,7
6018,3
9203,4
19434,7
9960,4
4297,2
561,1
12578,5
12159,5
1441,1
510,1
7675,3
6869,3
3064,2
9218,4
12309,5
9486,4
15012,6
758,1
16510,6
3534,2
6446,3
13292,5
6232,3
6783,3
9889,4
12657,5
10180,4
3313,2
19163,7
732,1
504,1
12080,5
646,1
915,1
1544,1
16563,6
1215,1
11839,5
15524,6
21452,8
675,1
7314,3
9662,4
12305,5
4572,2
6873,3
9170,4
18639,7
1469,1
7143,3
18819,7
1196,1
11899,5
6189,3
3067,2
5985,3
9917,4
4353,2
16428,6
508,1
244,1
10278,4
9233,4
509,1
16561,6
10058,4
15572,6
12255,5
7115,3
9779,4
12568,5
12667,5
13063,5
1778,1
12048,5
4205,2
273,1
17984,7
800,1
6014,3
3576,2
4024,2
10570,4
9141,4
19392,7
18576,7
7031,3
314,1
10067,4
749,1
4764,2
793,1
3671,2
9677,4
12861,5
19402,7
3765,2
9308,4
13315,5
18434,7
10005,4
9154,4
15579,6
6752,3
3358,2
15478,6
15290,6
383,1
19092,7
1297,1
3107,2
12503,5
602,1
6288,3
6537,3
9094,4
1657,1
6030,3
10354,4
16177,6
3088,2
3139,2
4590,2
4583,2
10059,4
6759,3
21247,8
378,1
3161,2
6353,3
9752,4
18620,7
6820,3
8905,4
9251,4
1248,1
13574,5
18223,7
14896,6
944,1
14921,6
1476,1
4541,2
6920,3
3852,2
4048,2
6903,3
20773,8
18913,7
21256,8
6441,3
13209,5
6458,3
8880,4
13233,5
10135,4
21579,8
12881,5
6703,3
15640,6
7539,3
20739,8
18325,7
11991,5
299,1
6386,3
1052,1
16548,6
6219,3
18205,7
20847,8
3230,2
6435,3
20918,8
13235,5
19440,7
10582,4
3167,2
18567,7
3294,2
1504,1
7605,3
4707,2
15127,6
15037,6
655,1
171,1
10387,4
11877,5
15519,6
6481,3
243,1
16190,6
9353,4
18225,7
6768,3
1649,1
9912,4
12118,5
9149,4
3951,2
9349,4
21490,8
15942,6
15705,6
14852,6
7631,3
3271,2
6499,3
20913,8
6392,3
7199,3
9524,4
12948,5
12025,5
15390,6
6362,3
18587,7
14927,6
19465,7
18251,7
10313,4
13361,5
9404,4
12556,5
12350,5
17952,7
7059,3
6474,3
9610,4
21449,8
9530,4
16349,6
643,1
1275,1
12526,5
3973,2
7001,3
7331,3
9616,4
3180,2
6257,3
4675,2
1539,1
327,1
15803,6
9319,4
3533,2
12612,5
6376,3
15943,6
12801,5
6450,3
3432,2
7629,3
15847,6
6969,3
21089,8
9028,4
12795,5
867,1
20848,8
7341,3
3448,2
9566,4
10471,4
13242,5
10560,4
374,1
16368,6
20775,8
612,1
15551,6
18029,7
18674,7
14994,6
19345,7
16092,6
21051,8
15729,6
9385,4
3559,2
4408,2
11895,5
9010,4
914,1
18994,7
18547,7
6185,3
20878,8
18112,7
9136,4
21005,8
15449,6
15024,6
7460,3
10401,4
1428,1
21301,8
482,1
665,1
19213,7
9994,4
18905,7
16488,6
4183,2
1122,1
3971,2
6933,3
18762,7
15159,6
3881,2
9906,4
11936,5
17885,7
15936,6
13160,5
9128,4
9692,4
7669,3
6824,3
16068,6
7647,3
16032,6
6377,3
15304,6
20846,8
4088,2
3864,2
6373,3
13297,5
280,1
16191,6
15595,6
12254,5
13227,5
15542,6
18677,7
15792,6
12199,5
15007,6
7597,3
7062,3
1699,1
18803,7
7417,3
9690,4
4674,2
9108,4
6813,3
19378,7
6551,3
13515,5
7282,3
9362,4
6205,3
3747,2
18391,7
16295,6
6693,3
12546,5
7081,3
15892,6
18102,7
15249,6
19178,7
12947,5
9148,4
16619,6
3404,2
16184,6
15327,6
8956,4
3605,2
10457,4
6961,3
185,1
12887,5
1274,1
6914,3
3545,2
556,1
1402,1
1389,1
12794,5
13117,5
9411,4
7302,3
298,1
446,1
18645,7
16018,6
7615,3
16015,6
9270,4
3272,2
12833,5
12619,5
9573,4
7149,3
16317,6
3424,2
13520,5
4037,2
3732,2
195,1
17920,7
12109,5
10195,4
12245,5
7690,3
820,1
4562,2
18700,7
10110,4
3773,2
1135,1
21503,8
9059,4
10413,4
10320,4
19359,7
12913,5
15987,6
322,1
11882,5
1376,1
6438,3
21323,8
15362,6
3849,2
910,1
306,1
6346,3
9083,4
21355,8
18773,7
15567,6
13044,5
15731,6
15530,6
12002,5
18075,7
929,1
245,1
16044,6
12216,5
16,1
144,1
9539,4
3558,2
15472,6
130,1
1165,1
14969,6
21285,8
9509,4
12664,5
7700,3
13098,5
9012,4
12796,5
7708,3
3071,2
3683,2
12808,5
6876,3
1186,1
3720,2
16169,6
1174,1
18503,7
3377,2
20888,8
15569,6
10351,4
15476,6
18246,7
9477,4
4566,2
16466,6
3054,2
3172,2
12842,5
19390,7
10340,4
3073,2
918,1
5983,3
13570,5
4316,2
390,1
1316,1
1035,1
16337,6
10141,4
19048,7
9939,4
12030,5
10284,4
16308,6
15946,6
16457,6
7335,3
934,1
20795,8
6415,3
694,1
15276,6
9543,4
9921,4
3104,2
832,1
4693,2
15759,6
3276,2
18802,7
19561,7
45,1
11944,5
6335,3
952,1
11855,5
12060,5
21094,8
6716,3
4160,2
6365,3
1191,1
19194,7
13332,5
15806,6
15897,6
285,1
21217,8
12225,5
21399,8
9865,4
6555,3
4287,2
16107,6
6954,3
9109,4
12521,5
12345,5
6720,3
6378,3
13343,5
10500,4
4559,2
1409,1
4390,2
15546,6
19445,7
19187,7
972,1
16486,6
10100,4
6130,3
928,1
20806,8
12089,5
15374,6
7123,3
4038,2
4046,2
17845,7
19028,7
9512,4
522,1
18741,7
16315,6
6868,3
13196,5
6745,3
18902,7
16376,6
6022,3
2984,2
17898,7
3254,2
15751,6
11890,5
12760,5
6409,3
9562,4
3097,2
15389,6
15302,6
9772,4
7084,3
16507,6
7321,3
19236,7
10344,4
18776,7
11889,5
16233,6
15730,6
76,1
3540,2
10004,4
21071,8
433,1
6984,3
9037,4
13014,5
9962,4
21009,8
15306,6
12722,5
16535,6
15903,6
1558,1
9429,4
241,1
786,1
17954,7
4261,2
21219,8
980,1
7304,3
9821,4
10549,4
15679,6
9250,4
4136,2
12775,5
13384,5
19244,7
12766,5
13415,5
12128,5
16413,6
1625,1
9197,4
21618,8
3341,2
2996,2
3290,2
15498,6
21185,8
1362,1
16479,6
18160,7
10341,4
18017,7
12858,5
15917,6
4760,2
21509,8
18619,7
13436,5
1614,1
4291,2
6988,3
3610,2
15062,6
15704,6
3212,2
4166,2
9981,4
6521,3
9401,4
8929,4
21295,8
15028,6
20953,8
4441,2
125,1
1109,1
19417,7
3009,2
843,1
20808,8
9951,4
16167,6
9204,4
19161,7
4536,2
601,1
3318,2
19481,7
9066,4
15045,6
11892,5
16161,6
15245,6
15812,6
21076,8
9555,4
3392,2
6447,3
1220,1
12448,5
4557,2
3696,2
12418,5
728,1
3658,2
981,1
811,1
18341,7
1480,1
15695,6
18686,7
15004,6
18991,7
7305,3
15018,6
18974,7
7329,3
6940,3
6358,3
16021,6
3866,2
19008,7
1240,1
1229,1
1769,1
15241,6
610,1
12894,5
13149,5
12706,5
4412,2
9292,4
288,1
3248,2
4161,2
4359,2
15067,6
15910,6
18774,7
1662,1
3170,2
3592,2
455,1
3905,2
19166,7
12296,5
12705,5
6077,3
10274,4
425,1
15090,6
8870,4
10588,4
660,1
4496,2
14943,6
4040,2
6462,3
18654,7
18164,7
7644,3
1004,1
6595,3
3613,2
878,1
4770,2
10285,4
6243,3
964,1
1585,1
21611,8
15587,6
3401,2
6663,3
15005,6
21495,8
6628,3
760,1
7265,3
8960,4
8867,4
3479,2
15544,6
10563,4
12810,5
9061,4
8863,4
16547,6
7225,3
9394,4
13107,5
810,1
6303,3
9698,4
19254,7
18934,7
10586,4
3151,2
3640,2
14975,6
10530,4
16541,6
15154,6
15051,6
16537,6
3597,2
15930,6
1076,1
18426,7
4593,2
6637,3
10081,4
8990,4
13273,5
18233,7
3286,2
6925,3
21621,8
1703,1
15643,6
18056,7
16063,6
12756,5
16322,6
15677,6
1006,1
17888,7
12405,5
19078,7
17963,7
12313,5
4129,2
7049,3
18021,7
21068,8
9713,4
1490,1
19261,7
8922,4
16436,6
1416,1
9846,4
19546,7
19055,7
16613,6
712,1
16580,6
5998,3
988,1
4271,2
15287,6
9726,4
16418,6
12131,5
15000,6
19124,7
10272,4
7477,3
13268,5
6497,3
1086,1
3917,2
19447,7
1273,1
3657,2
13451,5
269,1
12709,5
4775,2
21525,8
7148,3
13365,5
72,1
13204,5
18081,7
15963,6
15501,6
4016,2
18883,7
592,1
15030,6
21530,8
13293,5
659,1
16478,6
16219,6
3232,2
16043,6
15338,6
6154,3
10404,4
9708,4
8881,4
3223,2
18004,7
680,1
14872,6
1237,1
9008,4
13323,5
16074,6
18231,7
13138,5
14871,6
7255,3
13441,5
3627,2
15556,6
15140,6
7045,3
19543,7
13108,5
899,1
1616,1
17834,7
1592,1
10245,4
18646,7
14964,6
12409,5
1724,1
9656,4
16183,6
6202,3
15072,6
15931,6
7099,3
6357,3
734,1
9111,4
10599,4
9118,4
16140,6
18169,7
9643,4
893,1
3959,2
18935,7
6402,3
7338,3
16246,6
13153,5
9454,4
9730,4
21392,8
9374,4
15645,6
16124,6
14875,6
3994,2
15220,6
587,1
4463,2
6328,3
7364,3
1265,1
15020,6
9756,4
10251,4
311,1
1721,1
13016,5
9565,4
3247,2
16089,6
7066,3
6695,3
10205,4
6179,3
1011,1
12094,5
17989,7
3380,2
19450,7
6019,3
21273,8
13003,5
21096,8
19076,7
13508,5
7232,3
6455,3
7154,3
13131,5
91,1
3182,2
473,1
1331,1
16115,6
12026,5
15966,6
21379,8
3312,2
19100,7
4132,2
891,1
986,1
10492,4
20787,8
15756,6
18482,7
18369,7
4120,2
13389,5
12932,5
4409,2
9440,4
3536,2
15804,6
15187,6
630,1
16296,6
12292,5
19391,7
7163,3
20975,8
129,1
16323,6
16335,6
6579,3
12046,5
10557,4
3593,2
18857,7
1190,1
15070,6
21158,8
8868,4
6644,3
20898,8
1099,1
10212,4
1278,1
9253,4
13042,5
10356,4
10174,4
4553,2
12502,5
184,1
20940,8
10070,4
6965,3
10162,4
17926,7
3156,2
7391,3
7290,3
12786,5
9424,4
20772,8
9783,4
15732,6
20923,8
1256,1
4371,2
4554,2
14882,6
19207,7
16016,6
18916,7
12158,5
12285,5
1054,1
7161,3
3069,2
12029,5
15853,6
6719,3
9386,4
19087,7
13167,5
16064,6
6882,3
6320,3
13017,5
15554,6
12597,5
4308,2
4498,2
1695,1
15764,6
7448,3
13491,5
4503,2
1509,1
3001,2
6267,3
6187,3
20841,8
15001,6
1722,1
3891,2
3043,2
6910,3
15615,6
10181,4
4630,2
13540,5
143,1
15061,6
10554,4
13504,5
13299,5
1120,1
1761,1
500,1
10310,4
873,1
4552,2
12425,5
724,1
889,1
20973,8
15487,6
17939,7
12849,5
20920,8
13609,5
316,1
15666,6
6601,3
9405,4
9686,4
9001,4
4324,2
3191,2
16381,6
6364,3
16220,6
338,1
16221,6
21149,8
4180,2
7018,3
10088,4
13281,5
4753,2
19099,7
4611,2
308,1
21508,8
15819,6
351,1
9474,4
11990,5
20813,8
6879,3
13010,5
13486,5
10414,4
18213,7
16533,6
13466,5
1671,1
12326,5
9125,4
53,1
9820,4
1450,1
13267,5
13569,5
1700,1
1579,1
15588,6
6802,3
1635,1
19419,7
3076,2
7474,3
9063,4
18685,7
13541,5
15185,6
21568,8
187,1
9112,4
11932,5
19278,7
19272,7
10144,4
1239,1
19320,7
6311,3
449,1
847,1
7601,3
18971,7
15974,6
3635,2
4298,2
12439,5
7172,3
10536,4
9650,4
3348,2
9072,4
16354,6
7467,3
18791,7
20717,8
17974,7
779,1
19346,7
9881,4
7319,3
18516,7
20800,8
15224,6
4331,2
18110,7
9016,4
4378,2
17936,7
12269,5
16272,6
4394,2
15795,6
1294,1
20830,8
20887,8
15629,6
12289,5
3074,2
18211,7
13408,5
9011,4
3343,2
6527,3
1039,1
20853,8
6530,3
652,1
10270,4
864,1
192,1
13048,5
9582,4
3137,2
6728,3
18725,7
12719,5
16010,6
15684,6
15597,6
3970,2
6541,3
3812,2
3606,2
1097,1
9621,4
1551,1
6987,3
9590,4
10513,4
4330,2
6252,3
19243,7
9976,4
6201,3
13334,5
12178,5
10333,4
18628,7
467,1
1262,1
3454,2
9185,4
21114,8
9788,4
12129,5
17870,7
1267,1
11959,5
978,1
15252,6
9421,4
10139,4
3582,2
21177,8
7420,3
11876,5
18016,7
6278,3
9611,4
19056,7
15204,6
6271,3
3984,2
3052,2
18875,7
6504,3
7613,3
13028,5
4450,2
12070,5
3885,2
12136,5
7025,3
15644,6
1324,1
15771,6
21431,8
7562,3
18396,7
1139,1
6927,3
4700,2
7147,3
11833,5
13360,5
21409,8
9893,4
15446,6
10544,4
18244,7
3700,2
4099,2
573,1
1453,1
4609,2
16416,6
16283,6
10396,4
4421,2
21202,8
6780,3
12592,5
4734,2
15134,6
18872,7
4022,2
9335,4
7395,3
1343,1
4457,2
12623,5
15329,6
10397,4
9296,4
653,1
9595,4
3453,2
8949,4
18562,7
11829,5
16049,6
4716,2
15727,6
6875,3
9215,4
68,1
19458,7
12356,5
1263,1
16320,6
18252,7
994,1
4699,2
13052,5
922,1
166,1
16319,6
18286,7
6992,3
18183,7
4045,2
15406,6
21595,8
16497,6
6857,3
15652,6
10182,4
18057,7
13237,5
3930,2
9224,4
7387,3
21321,8
3573,2
14973,6
6568,3
12839,5
16334,6
3298,2
6155,3
16083,6
3032,2
18552,7
17940,7
9265,4
6897,3
1096,1
13421,5
10277,4
15285,6
161,1
204,1
10040,4
6336,3
7332,3
12394,5
1234,1
4241,2
12704,5
4110,2
19046,7
6648,3
9667,4
9761,4
3920,2
6687,3
6731,3
386,1
12232,5
7285,3
860,1
373,1
10096,4
3756,2
6197,3
9009,4
13549,5
10418,4
13592,5
19038,7
20974,8
9500,4
618,1
3770,2
54,1
15216,6
4535,2
15802,6
19015,7
13493,5
13450,5
9431,4
13580,5
3007,2
993,1
14961,6
18061,7
13158,5
4137,2
4358,2
7076,3
3813,2
6007,3
12982,5
12618,5
16513,6
6188,3
13521,5
4634,2
3087,2
21034,8
19398,7
7655,3
7567,3
10017,4
1510,1
14928,6
673,1
900,1
4501,2
12773,5
9796,4
4085,2
9559,4
12486,5
16300,6
15365,6
13144,5
3,1
18229,7
9635,4
534,1
18398,7
12928,5
18444,7
10033,4
18810,7
18848,7
4601,2
9547,4
9885,4
14946,6
3760,2
3776,2
16554,6
13132,5
3802,2
15044,6
20761,8
3299,2
19356,7
15214,6
19152,7
7393,3
15678,6
7457,3
661,1
6831,3
20802,8
6212,3
10332,4
19534,7
12007,5
6300,3
18790,7
10370,4
19223,7
6096,3
21309,8
2983,2
18212,7
9871,4
6041,3
1781,1
193,1
14842,6
18366,7
8942,4
14884,6
7350,3
3882,2
6787,3
7326,3
9106,4
16456,6
239,1
19312,7
14838,6
10461,4
15456,6
21473,8
16166,6
13387,5
7497,3
15345,6
15651,6
14909,6
4747,2
21575,8
4555,2
13075,5
9183,4
12498,5
9338,4
6904,3
18156,7
147,1
15535,6
3489,2
11925,5
20870,8
15289,6
20768,8
17933,7
13437,5
11828,5
7131,3
6781,3
14853,6
15991,6
6943,3
599,1
19065,7
15092,6
7564,3
19144,7
1652,1
10374,4
3895,2
1705,1
3968,2
10529,4
12890,5
9776,4
87,1
16592,6
16567,6
18588,7
3789,2
1032,1
137,1
10533,4
10587,4
4049,2
1204,1
9678,4
13505,5
20803,8
9853,4
6323,3
18691,7
13215,5
6001,3
18804,7
3525,2
3382,2
196,1
7459,3
805,1
3863,2
242,1
3263,2
20849,8
18586,7
647,1
7503,3
1642,1
12299,5
13059,5
4269,2
12043,5
4473,2
12750,5
7369,3
15192,6
13073,5
10475,4
15031,6
12576,5
63,1
20754,8
16277,6
18052,7
15359,6
682,1
3236,2
7707,3
15605,6
6037,3
17872,7
16525,6
4453,2
3068,2
7142,3
4107,2
6423,3
9042,4
18415,7
12771,5
12533,5
19290,7
10424,4
492,1
13432,5
693,1
605,1
1017,1
872,1
3188,2
12357,5
7683,3
6767,3
1366,1
1531,1
1634,1
1556,1
15239,6
21115,8
1342,1
6297,3
7440,3
12999,5
19201,7
7438,3
3541,2
19339,7
9039,4
18747,7
9249,4
7519,3
7566,3
1138,1
13089,5
14972,6
6413,3
3619,2
6534,3
862,1
4157,2
12836,5
16500,6
16001,6
18311,7
18201,7
1369,1
18704,7
1784,1
14968,6
3296,2
3013,2
372,1
7336,3
7685,3
13114,5
16470,6
10634,4
3288,2
12564,5
3115,2
83,1
12078,5
12051,5
819,1
6793,3
13222,5
9681,4
6516,3
16286,6
18748,7
3008,2
1276,1
13498,5
4189,2
15850,6
9966,4
3837,2
14974,6
3500,2
15422,6
18045,7
6592,3
18006,7
6245,3
21375,8
18062,7
20931,8
4749,2
3390,2
3795,2
9720,4
1523,1
15097,6
15483,6
9866,4
9310,4
9188,4
13146,5
21483,8
11909,5
15760,6
16266,6
3183,2
12484,5
520,1
9717,4
15692,6
19051,7
16423,6
15348,6
6853,3
3956,2
10038,4
9467,4
18967,7
10104,4
7254,3
12391,5
18734,7
21112,8
9915,4
3633,2
6161,3
9989,4
13390,5
12593,5
15203,6
19323,7
9897,4
7219,3
19,1
4755,2
6347,3
50,1
21457,8
890,1
9818,4
11983,5
10551,4
9599,4
13455,5
4363,2
4144,2
1429,1
140,1
4392,2
7531,3
113,1
12907,5
18484,7
6957,3
6993,3
7088,3
12698,5
20860,8
4472,2
6464,3
6805,3
15328,6
18344,7
454,1
12009,5
6127,3
12003,5
18859,7
7385,3
6059,3
3958,2
13597,5
15571,6
3050,2
1002,1
392,1
9983,4
1481,1
3435,2
19138,7
12859,5
995,1
10595,4
7396,3
6318,3
4167,2
10431,4
15758,6
7167,3
1298,1
6569,3
3730,2
19126,7
3102,2
17917,7
20797,8
13307,5
9589,4
12366,5
1155,1
1572,1
4366,2
11853,5
6556,3
6684,3
3425,2
175,1
3098,2
13499,5
15493,6
4603,2
1543,1
3487,2
1368,1
6754,3
7660,3
15656,6
15816,6
683,1
16215,6
6060,3
1666,1
511,1
167,1
17908,7
17987,7
12112,5
3109,2
12010,5
21030,8
21210,8
12108,5
1107,1
18091,7
8864,4
17947,7
9309,4
153,1
16262,6
9234,4
19132,7
4746,2
6118,3
18291,7
6936,3
15632,6
13210,5
3186,2
18659,7
13248,5
7541,3
6207,3
18522,7
4645,2
6989,3
12099,5
206,1
10239,4
3944,2
13244,5
3044,2
19027,7
4435,2
16259,6
4304,2
9490,4
21560,8
9365,4
13322,5
9189,4
6704,3
4351,2
10091,4
18501,7
17914,7
14840,6
6228,3
19062,7
7174,3
12744,5
6673,3
21208,8
15923,6
20968,8
279,1
10330,4
12162,5
4447,2
15229,6
19499,7
290,1
4270,2
15341,6
15143,6
271,1
6968,3
18830,7
10255,4
6713,3
4375,2
1427,1
13022,5
15014,6
16203,6
6955,3
12559,5
9854,4
15466,6
21127,8
1136,1
9799,4
19425,7
19454,7
12170,5
15412,6
21052,8
9074,4
18519,7
15693,6
6182,3
15622,6
13092,5
3356,2
4203,2
1108,1
15539,6
695,1
7355,3
13054,5
6766,3
3960,2
6325,3
15867,6
21336,8
12525,5
631,1
3646,2
6220,3
18899,7
21559,8
6139,3
3371,2
10248,4
13605,5
4513,2
15379,6
12179,5
3982,2
1200,1
1681,1
6343,3
12365,5
6841,3
9277,4
16076,6
18191,7
3564,2
7366,3
3412,2
12895,5
4521,2
15617,6
5978,3
21255,8
21338,8
6015,3
9774,4
3663,2
13024,5
18170,7
9529,4
6063,3
7558,3
12341,5
10538,4
4618,2
12946,5
3604,2
4407,2
19002,7
8920,4
15623,6
10151,4
4090,2
18584,7
19238,7
6038,3
15585,6
15526,6
18060,7
18384,7
15010,6
21116,8
18879,7
13295,5
21475,8
9005,4
11907,5
12613,5
3938,2
7357,3
10031,4
12635,5
13558,5
495,1
1119,1
9192,4
18627,7
21413,8
15576,6
18379,7
10147,4
19033,7
12304,5
16336,6
7641,3
19277,7
3978,2
15515,6
1701,1
9240,4
3490,2
9495,4
12510,5
4508,2
7179,3
13097,5
19219,7
12352,5
216,1
10266,4
17844,7
13429,5
19130,7
4678,2
10568,4
7502,3
10158,4
6160,3
16257,6
9967,4
15797,6
26,1
12406,5
19294,7
19225,7
18393,7
10242,4
15120,6
16625,6
13331,5
15983,6
18357,7
21053,8
21544,8
1105,1
4471,2
8899,4
19042,7
21271,8
13133,5
13582,5
16105,6
21619,8
3402,2
6950,3
6799,3
12142,5
6114,3
975,1
6977,3
10073,4
722,1
9712,4
20955,8
3998,2
3761,2
6421,3
9755,4
12971,5
18698,7
6459,3
3987,2
3417,2
9373,4
6262,3
15350,6
18463,7
4422,2
6611,3
6319,3
15654,6
1406,1
14880,6
12450,5
7378,3
4448,2
18409,7
3856,2
3353,2
13325,5
12835,5
677,1
15836,6
10573,4
18491,7
6237,3
3010,2
17966,7
21358,8
3295,2
20735,8
10267,4
1678,1
6610,3
18580,7
1553,1
15343,6
13294,5
7584,3
1466,1
19480,7
4415,2
18130,7
19165,7
11917,5
12177,5
20877,8
1756,1
6372,3
13100,5
1777,1
3211,2
3200,2
6289,3
4432,2
6821,3
13335,5
3452,2
6468,3
9129,4
15032,6
20822,8
8909,4
13165,5
9649,4
12682,5
20824,8
1524,1
16564,6
1383,1
9227,4
15164,6
3782,2
21238,8
9176,4
16205,6
17842,7
9397,4
11869,5
9387,4
7287,3
9460,4
525,1
12790,5
6002,3
15069,6
235,1
6192,3
9875,4
11841,5
3143,2
9918,4
19500,7
9647,4
19060,7
3419,2
15247,6
14959,6
9126,4
6921,3
9348,4
18635,7
9293,4
3819,2
7126,3
12565,5
13606,5
21485,8
19107,7
15029,6
15624,6
3632,2
9612,4
14958,6
9909,4
4362,2
3004,2
16462,6
11908,5
7486,3
16410,6
10578,4
16079,6
7344,3
9602,4
18041,7
19303,7
10479,4
9145,4
11973,5
1232,1
19446,7
10405,4
12991,5
16006,6
10112,4
160,1
13598,5
1594,1
21364,8
20783,8
20758,8
19408,7
10246,4
19422,7
18518,7
12227,5
19306,7
1561,1
4023,2
439,1
9344,4
16544,6
1593,1
12145,5
3975,2
21342,8
15191,6
9241,4
6361,3
7125,3
15114,6
1243,1
4146,2
15436,6
15994,6
1502,1
10022,4
12102,5
12570,5
12294,5
12660,5
18312,7
7585,3
9202,4
19493,7
7642,3
3325,2
3287,2
8963,4
188,1
15689,6
12685,5
6051,3
4621,2
15916,6
1386,1
16097,6
13352,5
12174,5
7436,3
7296,3
4370,2
19396,7
13195,5
21458,8
16244,6
3430,2
12815,5
6633,3
18361,7
15896,6
25,1
4558,2
1091,1
13480,5
19160,7
4036,2
12284,5
12217,5
19388,7
6548,3
15450,6
698,1
19190,7
9894,4
1231,1
3194,2
277,1
9485,4
4148,2
6033,3
6302,3
7176,3
9400,4
21133,8
6513,3
1141,1
3962,2
12929,5
16255,6
12408,5
15083,6
17867,7
3685,2
21105,8
12489,5
6331,3
3579,2
12763,5
11831,5
116,1
3058,2
4314,2
6655,3
19263,7
18167,7
4014,2
15858,6
19112,7
19061,7
7097,3
6198,3
9624,4
4731,2
6221,3
10201,4
18430,7
3141,2
18557,7
15869,6
17983,7
12016,5
16090,6
12676,5
11913,5
10524,4
9422,4
7159,3
885,1
560,1
18124,7
1211,1
15800,6
12431,5
15993,6
10095,4
4406,2
6026,3
1713,1
13205,5
1144,1
4357,2
9764,4
6126,3
3855,2
13595,5
1312,1
3762,2
15139,6
4029,2
20928,8
15378,6
3346,2
16087,6
6231,3
21129,8
15912,6
16614,6
15275,6
7403,3
10185,4
15444,6
1632,1
16343,6
21307,8
361,1
139,1
13238,5
385,1
15749,6
7256,3
19353,7
1444,1
15518,6
949,1
9052,4
7315,3
13303,5
3127,2
3547,2
4431,2
15442,6
17893,7
6203,3
3131,2
18794,7
6550,3
14937,6
3611,2
20938,8
9696,4
788,1
10348,4
12783,5
13062,5
20745,8
9223,4
3367,2
3364,2
10187,4
6405,3
6737,3
913,1
9825,4
3504,2
15398,6
10149,4
6855,3
12344,5
15319,6
18011,7
19409,7
7050,3
9775,4
445,1
4610,2
15540,6
18658,7
15911,6
15598,6
16135,6
9299,4
1057,1
19307,7
6095,3
932,1
10025,4
13514,5
3024,2
16000,6
16515,6
3206,2
916,1
12358,5
17836,7
15961,6
3801,2
7327,3
10121,4
16518,6
7,1
12582,5
10140,4
4556,2
16082,6
1640,1
1145,1
362,1
3265,2
4329,2
7560,3
10552,4
4438,2
3437,2
1479,1
18346,7
4454,2
6416,3
18697,7
13313,5
4695,2
3853,2
18149,7
1134,1
3014,2
12208,5
16145,6
19292,7
16550,6
10627,4
6715,3
15291,6
7067,3
15377,6
9030,4
21356,8
18611,7
3051,2
3477,2
18515,7
6404,3
9958,4
21507,8
19322,7
389,1
1633,1
18115,7
19395,7
12465,5
15934,6
21574,8
15050,6
3037,2
3692,2
202,1
16377,6
6264,3
7454,3
9445,4
3897,2
12669,5
333,1
6204,3
938,1
1779,1
19127,7
13358,5
19149,7
992,1
8997,4
18600,7
10555,4
21594,8
9361,4
20859,8
18521,7
10131,4
4247,2
19492,7
13112,5
7013,3
4516,2
15824,6
9803,4
9604,4
4506,2
16060,6
18015,7
19471,7
12957,5
6024,3
20751,8
1361,1
7401,3
16041,6
9378,4
20814,8
9225,4
4307,2
183,1
18732,7
858,1
18123,7
7311,3
18283,7
2995,2
19297,7
9036,4
17979,7
3163,2
20777,8
16526,6
7095,3
7386,3
7048,3
1163,1
15354,6
16013,6
1330,1
18505,7
7194,3
10355,4
9363,4
21410,8
1460,1
8964,4
13080,5
3995,2
12363,5
18856,7
12562,5
6775,3
14870,6
16279,6
10275,4
6132,3
3456,2
12176,5
6401,3
15251,6
3589,2
1189,1
3202,2
194,1
13517,5
9079,4
774,1
1483,1
3041,2
6136,3
16324,6
12733,5
408,1
20876,8
18296,7
9874,4
10138,4
1452,1
345,1
12215,5
730,1
6975,3
15117,6
15199,6
4711,2
18777,7
16421,6
11903,5
12598,5
15440,6
1353,1
663,1
1497,1
16581,6
18264,7
7554,3
20943,8
15226,6
3719,2
15959,6
18184,7
8928,4
4393,2
9272,4
15846,6
19082,7
16621,6
13006,5
16387,6
41,1
18706,7
10375,4
15937,6
16543,6
3918,2
19202,7
20785,8
15284,6
21186,8
11902,5
15932,6
21198,8
11977,5
7475,3
12627,5
8948,4
15590,6
18298,7
12536,5
19416,7
6484,3
3162,2
18914,7
19018,7
20963,8
10561,4
426,1
19317,7
20818,8
18335,7
9699,4
9216,4
14980,6
6994,3
3854,2
142,1
3792,2
10260,4
1382,1
6070,3
15607,6
21453,8
9919,4
19449,7
7139,3
1142,1
12121,5
2982,2
16374,6
7044,3
12315,5
462,1
9671,4
12926,5
951,1
15477,6
9927,4
7026,3
12105,5
9481,4
9596,4
444,1
10218,4
15743,6
13578,5
14995,6
6226,3
19494,7
9701,4
19004,7
9901,4
3153,2
15211,6
156,1
16294,6
6976,3
1092,1
9605,4
19162,7
15071,6
12697,5
1679,1
10322,4
18044,7
9973,4
20916,8
3521,2
11843,5
18744,7
16172,6
10007,4
1720,1
15839,6
15121,6
13128,5
15382,6
6227,3
9856,4
4543,2
20839,8
15126,6
590,1
15295,6
20844,8
4185,2
19336,7
16213,6
18750,7
15536,6
265,1
21229,8
10347,4
18245,7
6260,3
9831,4
18490,7
21296,8
6107,3
13185,5
15735,6
1534,1
16601,6
926,1
16155,6
12076,5
6761,3
672,1
5999,3
7508,3
18937,7
7648,3
11930,5
3786,2
9462,4
15922,6
10066,4
11880,5
3502,2
13551,5
6086,3
690,1
615,1
11914,5
16208,6
4395,2
10188,4
6531,3
3093,2
283,1
259,1
19536,7
7342,3
4017,2
4720,2
21070,8
7623,3
3480,2
9619,4
12825,5
7052,3
7399,3
10269,4
19401,7
13423,5
8970,4
478,1
3750,2
12834,5
8,1
9968,4
19171,7
18807,7
9100,4
3621,2
10303,4
15955,6
21020,8
3469,2
15152,6
1582,1
12011,5
15208,6
6366,3
9435,4
18107,7
19405,7
11940,5
6263,3
19523,7
10382,4
12295,5
784,1
1754,1
10076,4
9329,4
15232,6
15318,6
3519,2
7455,3
18951,7
1732,1
613,1
7064,3
8967,4
12850,5
12921,5
13282,5
6146,3
98,1
10547,4
4332,2
1542,1
6044,3
1522,1
19435,7
7022,3
10123,4
3285,2
11844,5
9728,4
12268,5
575,1
20832,8
19036,7
4257,2
600,1
10192,4
19540,7
12622,5
12092,5
9861,4
16373,6
19559,7
9532,4
13309,5
3133,2
12847,5
1758,1
6066,3
16379,6
3556,2
6657,3
8986,4
9842,4
18109,7
20756,8
16132,6
18305,7
17916,7
9146,4
1175,1
12674,5
16397,6
15563,6
19436,7
16451,6
19170,7
877,1
3492,2
19369,7
3838,2
19318,7
8901,4
14981,6
21519,8
584,1
205,1
12643,5
15782,6
3209,2
908,1
634,1
13208,5
19084,7
3169,2
163,1
7397,3
17854,7
15506,6
7111,3
15016,6
1436,1
10428,4
19137,7
12457,5
12483,5
6680,3
12278,5
16285,6
16002,6
4579,2
20919,8
16495,6
18572,7
12209,5
4526,2
20874,8
9961,4
14844,6
3291,2
18074,7
12746,5
7416,3
13485,5
1454,1
10460,4
3805,2
3095,2
12933,5
6316,3
3952,2
9954,4
16026,6
19070,7
3292,2
13076,5
20725,8
9179,4
14977,6
4666,2
13013,5
3366,2
19265,7
19199,7
13337,5
3205,2
21470,8
1288,1
15977,6
20977,8
1022,1
15467,6
13414,5
4005,2
18411,7
1656,1
21002,8
1173,1
15347,6
9813,4
9023,4
18561,7
870,1
7493,3
8987,4
544,1
15273,6
21357,8
9911,4
19413,7
4585,2
16384,6
21518,8
6355,3
10202,4
10400,4
17905,7
5981,3
16431,6
3758,2
7435,3
1083,1
9447,4
7365,3
3218,2
18911,7
12656,5
18550,7
12068,5
227,1
1016,1
3124,2
18051,7
7651,3
15545,6
3374,2
700,1
1127,1
12125,5
16593,6
7510,3
12649,5
1783,1
16298,6
3829,2
12291,5
12351,5
4684,2
1040,1
16556,6
13252,5
3844,2
4174,2
3742,2
7532,3
3354,2
15063,6
10002,4
6363,3
1433,1
18095,7
3715,2
12780,5
18979,7
18413,7
21414,8
451,1
18202,7
15425,6
9551,4
16372,6
6123,3
12100,5
13300,5
9836,4
18841,7
12042,5
15445,6
9808,4
9482,4
3655,2
23,1
3261,2
1658,1
14843,6
13453,5
1381,1
1729,1
6150,3
13399,5
6580,3
6478,3
15627,6
13221,5
10136,4
6956,3
4732,2
10565,4
15509,6
20763,8
16624,6
13536,5
15900,6
649,1
9938,4
12274,5
21132,8
11912,5
16307,6
12444,5
19510,7
7274,3
19129,7
8895,4
18272,7
10594,4
3355,2
688,1
3656,2
11875,5
9824,4
7340,3
9502,4
6981,3
9339,4
12316,5
18253,7
524,1
13461,5
18831,7
6379,3
20915,8
18442,7
783,1
16610,6
9162,4
9534,4
13590,5
6143,3
3391,2
13308,5
21437,8
6682,3
13316,5
15781,6
15754,6
10541,4
3022,2
15103,6
21095,8
3571,2
13298,5
6235,3
1251,1
12251,5
10068,4
19155,7
8993,4
16178,6
19281,7
14913,6
21161,8
9064,4
8884,4
6929,3
15815,6
368,1
16450,6
21603,8
148,1
1673,1
18714,7
12397,5
13346,5
12535,5
4651,2
4466,2
7339,3
15172,6
20966,8
9787,4
18796,7
16472,6
14996,6
6322,3
18288,7
12827,5
79,1
11835,5
3442,2
17856,7
21542,8
18527,7
12198,5
14929,6
3474,2
12870,5
6293,3
16401,6
11924,5
15261,6
20736,8
6027,3
18399,7
9829,4
13363,5
395,1
4386,2
17,1
6597,3
3867,2
9721,4
4688,2
15600,6
12141,5
7237,3
596,1
19384,7
13484,5
9382,4
12708,5
9443,4
3550,2
9592,4
7196,3
18435,7
6990,3
13403,5
164,1
19311,7
19548,7
21259,8
12127,5
21556,8
16150,6
9913,4
15041,6
9096,4
9563,4
12740,5
12385,5
10352,4
12505,5
7235,3
3488,2
10105,4
12645,5
6878,3
6112,3
9697,4
15905,6
1554,1
16280,6
3239,2
770,1
9248,4
12617,5
15649,6
12604,5
4497,2
6915,3
19044,7
16432,6
4487,2
14960,6
1408,1
1387,1
16289,6
10488,4
9226,4
1643,1
21288,8
10467,4
13338,5
9963,4
15023,6
1183,1
9002,4
16271,6
7478,3
13395,5
7575,3
16091,6
692,1
18726,7
10082,4
21329,8
10045,4
16094,6
11901,5
18097,7
10169,4
18318,7
6746,3
3079,2
18427,7
3689,2
9503,4
4231,2
9332,4
848,1
13481,5
12714,5
18196,7
12087,5
18936,7
17894,7
11884,5
4159,2
3724,2
9327,4
1051,1
10608,4
3155,2
3725,2
13176,5
7316,3
15274,6
9457,4
13033,5
6656,3
19517,7
18414,7
9211,4
9653,4
9463,4
12120,5
4173,2
18737,7
19364,7
10280,4
12589,5
13011,5
18616,7
4333,2
13072,5
21512,8
3021,2
9102,4
13532,5
563,1
18664,7
13182,5
8989,4
6834,3
16331,6
13344,5
1447,1
13200,5
6803,3
20865,8
1694,1
21412,8
15866,6
18920,7
9518,4
3691,2
16573,6
342,1
3603,2
15742,6
18092,7
9337,4
6974,3
6121,3
3980,2
15664,6
1015,1
7680,3
7294,3
15907,6
11868,5
10106,4
6433,3
149,1
286,1
21061,8
13302,5
18078,7
15681,6
10329,4
6840,3
12193,5
237,1
20962,8
11870,5
17993,7
20910,8
4278,2
16243,6
635,1
10372,4
3688,2
3860,2
21554,8
18289,7
21393,8
16475,6
16009,6
18177,7
6608,3
15635,6
16542,6
6270,3
15373,6
4012,2
17862,7
21319,8
18903,7
12173,5
18368,7
18528,7
19226,7
15726,6
1740,1
12144,5
6652,3
17890,7
3670,2
21604,8
6109,3
18900,7
2999,2
710,1
19214,7
7589,3
18517,7
9026,4
73,1
12590,5
7501,3
10323,4
15331,6
1128,1
1246,1
17841,7
3544,2
10161,4
10339,4
15718,6
6755,3
1348,1
21609,8
18494,7
20939,8
13379,5
10211,4
1103,1
15109,6
13588,5
15687,6
12074,5
12369,5
990,1
16607,6
4047,2
13600,5
633,1
1254,1
4374,2
485,1
15725,6
15603,6
4235,2
7409,3
20792,8
10562,4
4468,2
11974,5
6079,3
10233,4
10366,4
21189,8
1321,1
4420,2
1075,1
7213,3
18152,7
15801,6
9307,4
16566,6
21001,8
7014,3
4292,2
19545,7
10429,4
1305,1
12032,5
9841,4
18743,7
9049,4
7691,3
15549,6
15986,6
2993,2
15616,6
7603,3
12974,5
7447,3
9998,4
13383,5
12852,5
3554,2
19474,7
6050,3
10615,4
1291,1
19117,7
6842,3
3332,2
10346,4
15822,6
21213,8
20981,8
18880,7
10454,4
15833,6
18320,7
17887,7
13311,5
11898,5
966,1
9568,4
7281,3
141,1
18968,7
14855,6
10496,4
10099,4
7643,3
15979,6
6828,3
18012,7
409,1
12959,5
15145,6
18028,7
16552,6
17891,7
18405,7
16531,6
15084,6
12981,5
6796,3
7652,3
12,1
7158,3
1181,1
16088,6
17843,7
4058,2
10028,4
9785,4
15167,6
4184,2
15102,6
11864,5
10572,4
18303,7
14876,6
1445,1
21205,8
4070,2
15057,6
19077,7
18644,7
11979,5
6122,3
3967,2
15765,6
457,1
14962,6
12936,5
1372,1
6108,3
21386,8
1393,1
14991,6
1003,1
12508,5
4748,2
6510,3
15778,6
1672,1
4368,2
15488,6
19498,7
491,1
4425,2
6224,3
18446,7
7608,3
12595,5
9259,4
21038,8
12880,5
706,1
7505,3
18780,7
4486,2
12872,5
16549,6
15468,6
21026,8
18952,7
7308,3
6837,3
19086,7
989,1
19271,7
19020,7
12452,5
9814,4
9645,4
16615,6
7638,3
1202,1
15659,6
19031,7
12266,5
10371,4
15940,6
15155,6
13067,5
15505,6
16174,6
11922,5
6867,3
894,1
3164,2
9312,4
10084,4
9851,4
12342,5
15059,6
4444,2
10127,4
10197,4
12098,5
19180,7
15349,6
12220,5
19234,7
18480,7
1244,1
3484,2
3935,2
13214,5
6983,3
15176,6
1233,1
15149,6
10542,4
7578,3
17878,7
6690,3
1061,1
9819,4
282,1
15184,6
15457,6
971,1
16522,6
6349,3
3134,2
19496,7
1279,1
622,1
18228,7
1747,1
1395,1
3398,2
15720,6
15796,6
4763,2
16493,6
16353,6
9672,4
21577,8
9608,4
4373,2
4387,2
15448,6
9655,4
10592,4
578,1
16501,6
10215,4
11862,5
18660,7
9833,4
15421,6
18907,7
9453,4
9279,4
16134,6
17997,7
270,1
632,1
4276,2
4661,2
9987,4
19382,7
10625,4
21174,8
9097,4
16187,6
6753,3
19504,7
3308,2
12966,5
16181,6
4411,2
6210,3
13068,5
18345,7
3473,2
6997,3
14,1
19258,7
1530,1
3560,2
7046,3
16481,6
377,1
18250,7
10034,4
528,1
15080,6
10455,4
16288,6
5986,3
12651,5
4153,2
532,1
6110,3
7130,3
15410,6
1399,1
15938,6
15582,6
16523,6
21394,8
9186,4
15414,6
10120,4
7101,3
1717,1
21220,8
958,1
10234,4
4648,2
15528,6
19479,7
13342,5
3266,2
21192,8
16118,6
159,1
10567,4
15043,6
355,1
9634,4
9793,4
14895,6
21589,8
4115,2
13250,5
7042,3
664,1
10620,4
16130,6
6061,3
12726,5
307,1
16476,6
7188,3
3551,2
3122,2
19411,7
4622,2
14890,6
6034,3
18238,7
1271,1
1565,1
16275,6
11926,5
6505,3
12614,5
7303,3
12041,5
517,1
897,1
13348,5
22,1
902,1
208,1
461,1
16195,6
3625,2
13189,5
15248,6
4584,2
15854,6
6307,3
8937,4
14856,6
555,1
15580,6
16411,6
4339,2
10477,4
3251,2
3120,2
637,1
9638,4
13255,5
19324,7
21103,8
13366,5
19466,7
106,1
4236,2
16310,6
1714,1
90,1
10576,4
16382,6
4369,2
920,1
12580,5
10291,4
3144,2
18235,7
9925,4
2,1
12779,5
9603,4
15076,6
19241,7
3915,2
13530,5
21310,8
4312,2
20759,8
16589,6
15717,6
6158,3
214,1
781,1
4691,2
18680,7
3238,2
14869,6
8974,4
9711,4
15708,6
13104,5
18534,7
16154,6
13212,5
6563,3
18144,7
6184,3
13333,5
586,1
21479,8
21606,8
117,1
10203,4
18969,7
21546,8
21244,8
18868,7
13459,5
1768,1
3070,2
16394,6
4419,2
529,1
12472,5
4141,2
6870,3
9210,4
13631,5
9615,4
962,1
9899,4
6029,3
1053,1
13529,5
13458,5
4575,2
6072,3
9331,4
18987,7
10130,4
7579,3
1612,1
6005,3
21223,8
10194,4
21629,8
15950,6
794,1
14933,6
4251,2
15996,6
3175,2
5993,3
936,1
12171,5
9181,4
1687,1
6576,3
10003,4
6512,3
991,1
4091,2
6174,3
9213,4
4288,2
4350,2
3018,2
21015,8
1101,1
16345,6
4039,2
15027,6
4537,2
39,1
10097,4
19433,7
13454,5
4551,2
15594,6
17849,7
12560,5
15047,6
12967,5
19260,7
17850,7
3623,2
7442,3
8900,4
14903,6
7209,3
13223,5
689,1
7197,3
12184,5
3548,2
9910,4
6967,3
12960,5
3947,2
15026,6
12820,5
15058,6
1043,1
12238,5
1270,1
19315,7
10622,4
278,1
7484,3
16225,6
15386,6
3577,2
574,1
1440,1
15388,6
8906,4
17858,7
8999,4
1010,1
6941,3
18678,7
3259,2
1140,1
15831,6
8897,4
16126,6
295,1
15688,6
16153,6
13527,5
3598,2
16270,6
6394,3
19400,7
6137,3
19255,7
3914,2
19227,7
7550,3
4003,2
14966,6
559,1
18820,7
7193,3
3664,2
6134,3
6683,3
15857,6
3799,2
365,1
10484,4
1709,1
3334,2
4434,2
3578,2
12061,5
6708,3
15426,6
1317,1
19535,7
6326,3
9740,4
1596,1
19482,7
3357,2
3591,2
319,1
15465,6
7633,3
7468,3
6432,3
14936,6
4215,2
15852,6
12975,5
15054,6
7695,3
6368,3
8924,4
6529,3
977,1
12038,5
15124,6
957,1
15559,6
15701,6
15496,6
19374,7
7415,3
21179,8
15128,6
18047,7
12237,5
1645,1
1295,1
1385,1
3128,2
7073,3
19134,7
16171,6
895,1
12034,5
7275,3
12653,5
12941,5
19473,7
16250,6
14990,6
18108,7
3661,2
12404,5
16055,6
15737,6
3108,2
3931,2
729,1
11961,5
12992,5
2991,2
6241,3
9959,4
17900,7
18181,7
939,1
3460,2
827,1
12021,5
1394,1
4759,2
15025,6
8983,4
12574,5
9245,4
12625,5
3063,2
12949,5
12233,5
15604,6
809,1
7203,3
18690,7
16249,6
19154,7
21555,8
16375,6
15104,6
12258,5
12803,5
6891,3
3827,2
18788,7
14845,6
13370,5
12579,5
6785,3
146,1
10024,4
3228,2
19118,7
1169,1
3245,2
6156,3
17980,7
6832,3
4625,2
12937,5
21087,8
10632,4
6758,3
16565,6
15403,6
1776,1
4706,2
272,1
13183,5
3227,2
14954,6
21079,8
6206,3
15945,6
6743,3
16602,6
548,1
4436,2
14879,6
13249,5
15272,6
21488,8
18146,7
12311,5
923,1
19106,7
10199,4
12441,5
12977,5
11873,5
6675,3
4178,2
131,1
12727,5
3862,2
11885,5
4418,2
15323,6
12440,5
8946,4
617,1
21465,8
1471,1
6894,3
4237,2
15075,6
3614,2
7485,3
4489,2
10296,4
1505,1
14967,6
1526,1
19105,7
18324,7
6629,3
12433,5
13567,5
6827,3
393,1
21398,8
11871,5
9469,4
13339,5
7204,3
18860,7
12985,5
12791,5
21265,8
6389,3
20899,8
10168,4
8873,4
21365,8
11866,5
3616,2
9159,4
1755,1
21333,8
18945,7
21159,8
340,1
13154,5
1346,1
20889,8
12729,5
6036,3
331,1
21037,8
4199,2
10521,4
6486,3
18537,7
15777,6
3517,2
10226,4
10571,4
6594,3
4744,2
15599,6
13110,5
6600,3
19380,7
18834,7
9742,4
1644,1
15079,6
61,1
1245,1
9315,4
7536,3
3538,2
3315,2
1529,1
12364,5
154,1
484,1
9679,4
12421,5
11848,5
1767,1
14891,6
12462,5
15926,6
19050,7
12226,5
9769,4
7251,3
3906,2
10325,4
6546,3
1338,1
19513,7
18241,7
13125,5
15277,6
19485,7
21145,8
16199,6
19110,7
6246,3
13087,5
6520,3
18876,7
7186,3
4061,2
1391,1
9497,4
4262,2
19012,7
6025,3
20741,8
18854,7
4223,2
4164,2
15849,6
18348,7
13393,5
9693,4
13548,5
6660,3
648,1
21067,8
3269,2
343,1
12788,5
1627,1
11888,5
9351,4
11931,5
19403,7
12979,5
9029,4
16230,6
16316,6
19298,7
75,1
21451,8
18020,7
18607,7
16217,6
13380,5
19262,7
3246,2
3736,2
1306,1
9432,4
12115,5
1309,1
13175,5
19069,7
3794,2
3768,2
18715,7
4381,2
3963,2
7229,3
6620,3
21058,8
3301,2
3874,2
18136,7
1392,1
21097,8
18826,7
21074,8
11830,5
1284,1
807,1
1560,1
20790,8
18617,7
6964,3
21091,8
7239,3
5989,3
9591,4
10411,4
16061,6
13452,5
6573,3
1313,1
15055,6
4647,2
6091,3
6639,3
18581,7
3393,2
14915,6
6822,3
9707,4
946,1
825,1
7404,3
10171,4
13103,5
9174,4
6945,3
3733,2
21218,8
15452,6
7607,3
20833,8
18938,7
4249,2
6071,3
12523,5
11965,5
10281,4
4495,2
4505,2
11968,5
13266,5
16631,6
9510,4
18187,7
835,1
18500,7
4657,2
19404,7
12390,5
55,1
4646,2
9862,4
16042,6
1486,1
7272,3
12785,5
4530,2
9572,4
7325,3
15087,6
9352,4
18729,7
16302,6
21347,8
7483,3
10204,4
18474,7
9044,4
771,1
3260,2
20812,8
12058,5
13224,5
21522,8
6922,3
18815,7
16473,6
3912,2
3274,2
18829,7
14863,6
954,1
12805,5
3677,2
16403,6
15130,6
18641,7
1764,1
15933,6
6819,3
10263,4
15865,6
7582,3
13280,5
6097,3
6640,3
691,1
4627,2
7343,3
969,1
21146,8
21596,8
16344,6
3908,2
7155,3
20893,8
9877,4
9531,4
4767,2
7699,3
3185,2
1209,1
7370,3
21171,8
10342,4
5995,3
10047,4
13356,5
21592,8
18988,7
12817,5
13324,5
12720,5
19377,7
1630,1
539,1
13513,5
12717,5
6609,3
10013,4
4702,2
13140,5
15473,6
11859,5
3903,2
7430,3
10071,4
7060,3
6417,3
3049,2
19537,7
4067,2
4225,2
15346,6
1650,1
4612,2
4671,2
20900,8
18248,7
2987,2
6193,3
4563,2
18806,7
11943,5
21043,8
7509,3
9580,4
18896,7
13542,5
18473,7
19354,7
127,1
9515,4
6272,3
18330,7
6848,3
11894,5
4726,2
18099,7
830,1
15780,6
12537,5
987,1
18716,7
18408,7
12530,5
16329,6
20945,8
3638,2
13301,5
16490,6
348,1
817,1
9723,4
18634,7
19041,7
21258,8
18764,7
9334,4
3311,2
15975,6
796,1
21537,8
10458,4
3869,2
95,1
6622,3
6152,3
4086,2
3566,2
18657,7
19484,7
4423,2
12610,5
9916,4
19221,7
12073,5
9584,4
18240,7
18302,7
3060,2
7010,3
15998,6
3840,2
3438,2
8927,4
3531,2
953,1
18488,7
1123,1
17949,7
3399,2
422,1
925,1
15395,6
13416,5
16176,6
8962,4
9343,4
9297,4
12414,5
9122,4
12882,5
1206,1
17982,7
9320,4
13136,5
3165,2
18531,7
6414,3
16292,6
6083,3
3192,2
6429,3
18471,7
1253,1
3387,2
3907,2
15133,6
3385,2
7068,3
7542,3
9540,4
10122,4
12551,5
10503,4
19058,7
15459,6
16004,6
16484,6
16590,6
3331,2
1068,1
603,1
6624,3
17977,7
12324,5
78,1
12293,5
4093,2
7218,3
15455,6
19368,7
9970,4
15393,6
15013,6
12754,5
9022,4
9507,4
18363,7
4586,2
8969,4
3755,2
21447,8
12909,5
3830,2
7656,3
4725,2
13314,5
3103,2
19310,7
236,1
1609,1
12731,5
15259,6
4685,2
21383,8
18354,7
3189,2
4019,2
19343,7
16517,6
1347,1
13259,5
1624,1
7687,3
3255,2
21550,8
3414,2
15814,6
9594,4
261,1
19455,7
16180,6
15042,6
6140,3
3221,2
10550,4
6631,3
3112,2
3023,2
15714,6
9790,4
21209,8
9840,4
6605,3
225,1
14864,6
15951,6
15282,6
10026,4
19521,7
18137,7
849,1
6686,3
9114,4
3746,2
18321,7
118,1
13584,5
9522,4
12942,5
13406,5
12236,5
6,1
8896,4
15060,6
17946,7
6721,3
1066,1
3785,2
13181,5
15301,6
18257,7
6131,3
16538,6
4712,2
10548,4
18864,7
17911,7
10326,4
9177,4
1610,1
1738,1
16465,6
18077,7
19423,7
15453,6
18895,7
6208,3
21017,8
16503,6
16116,6
18964,7
1766,1
8955,4
3934,2
21028,8
3667,2
10297,4
10451,4
12690,5
15634,6
6603,3
9928,4
16299,6
15310,6
16297,6
233,1
13005,5
12308,5
15744,6
9725,4
18718,7
5991,3
9845,4
7030,3
126,1
12388,5
9786,4
1301,1
3171,2
20776,8
19554,7
16216,6
9305,4
12899,5
4281,2
19331,7
10442,4
19373,7
12420,5
4540,2
12919,5
19530,7
9425,4
10063,4
3992,2
921,1
1651,1
7522,3
7526,3
7019,3
10368,4
367,1
18722,7
3320,2
12897,5
13464,5
56,1
641,1
303,1
18142,7
9366,4
1281,1
16196,6
6829,3
6040,3
6539,3
4073,2
10050,4
16427,6
16402,6
7640,3
21541,8
16437,6
10497,4
11987,5
15894,6
16109,6
3788,2
18539,7
3588,2
526,1
9933,4
10543,4
10236,4
6296,3
21031,8
9140,4
19448,7
12703,5
12317,5
18545,7
10336,4
16110,6
674,1
6585,3
669,1
4461,2
3082,2
18701,7
13219,5
15860,6
18342,7
15040,6
12434,5
9587,4
21354,8
9646,4
9795,4
12097,5
12577,5
763,1
9811,4
3101,2
19304,7
6214,3
9826,4
6697,3
9124,4
12688,5
17944,7
6560,3
18441,7
9527,4
4774,2
4027,2
9003,4
4667,2
9884,4
138,1
10606,4
7291,3
3375,2
16269,6
12477,5
4372,2
7253,3
7035,3
7515,3
19366,7
12395,5
6658,3
1336,1
16158,6
16623,6
10564,4
15499,6
10501,4
12764,5
9798,4
15470,6
21607,8
10441,4
16291,6
6928,3
16263,6
7071,3
10558,4
1257,1
18713,7
4569,2
4009,2
7117,3
10101,4
15989,6
7257,3
12648,5
18449,7
13327,5
13174,5
1080,1
16125,6
6760,3
773,1
16306,6
13612,5
250,1
15715,6
11986,5
4614,2
16222,6
15964,6
7375,3
6942,3
9119,4
12686,5
719,1
21064,8
3243,2
9553,4
10159,4
11992,5
6575,3
7207,3
18093,7
21063,8
11887,5
11937,5
1465,1
9545,4
15809,6
18131,7
3195,2
12922,5
407,1
387,1
20723,8
20791,8
16293,6
1638,1
20905,8
7182,3
20742,8
10531,4
6321,3
6554,3
12196,5
13162,5
3388,2
18560,7
15965,6
1018,1
7524,3
12165,5
12156,5
14938,6
4066,2
10,1
16085,6
3033,2
7202,3
256,1
10589,4
9268,4
4519,2
12461,5
1586,1
18352,7
927,1
3974,2
17851,7
12638,5
9689,4
8874,4
12059,5
11849,5
9598,4
6171,3
7233,3
7363,3
18159,7
542,1
12230,5
3940,2
6115,3
10378,4
15286,6
6865,3
670,1
12322,5
18424,7
13296,5
7463,3
18217,7
18163,7
1358,1
11861,5
21436,8
13409,5
3898,2
4525,2
12800,5
19103,7
15537,6
5979,3
19562,7
9200,4
4571,2
1261,1
9747,4
18962,7
15391,6
8902,4
18193,7
18719,7
18327,7
6571,3
7309,3
3047,2
9873,4
21454,8
3300,2
134,1
7428,3
931,1
826,1
12323,5
18886,7
1536,1
1218,1
507,1
16137,6
10087,4
4267,2
16099,6
15525,6
15035,6
13394,5
10178,4
15222,6
6105,3
20954,8
7247,3
7146,3
6665,3
18973,7
19063,7
21428,8
14854,6
6583,3
16355,6
7701,3
4118,2
10146,4
3005,2
4681,2
12166,5
4336,2
15968,6
15296,6
1329,1
6709,3
12241,5
13449,5
15821,6
13438,5
20815,8
15997,6
15529,6
19192,7
16527,6
9095,4
18666,7
9729,4
1545,1
15358,6
3876,2
21433,8
18394,7
9870,4
1195,1
7693,3
1547,1
18738,7
18763,7
10619,4
3734,2
956,1
11988,5
10290,4
7244,3
10360,4
12757,5
6727,3
14873,6
8888,4
12077,5
15297,6
7127,3
18730,7
10098,4
18381,7
7705,3
7561,3
12607,5
3351,2
1065,1
17971,7
1171,1
18651,7
6032,3
12398,5
9143,4
18333,7
11939,5
6888,3
12013,5
18564,7
7379,3
13082,5
21547,8
19034,7
7345,3
3977,2
720,1
15960,6
3697,2
6757,3
6567,3
12829,5
21227,8
398,1
11933,5
21332,8
6889,3
1370,1
20852,8
13534,5
19443,7
9473,4
7367,3
4109,2
16467,6
9199,4
6162,3
4635,2
19334,7
20805,8
12104,5
10365,4
15828,6
3338,2
7504,3
7473,3
1576,1
6475,3
1125,1
3981,2
4162,2
3699,2
9544,4
18912,7
13614,5
18190,7
11911,5
18787,7
731,1
12334,5
12290,5
415,1
18571,7
15657,6
9300,4
12415,5
828,1
4462,2
6370,3
13555,5
13053,5
420,1
18489,7
15766,6
10307,4
14916,6
20872,8
18285,7
21049,8
3277,2
14894,6
17892,7
19463,7
4568,2
9281,4
6503,3
16585,6
6777,3
12470,5
1069,1
6309,3
9090,4
12749,5
8941,4
9287,4
18946,7
3933,2
7452,3
6396,3
15709,6
3622,2
19220,7
10392,4
16072,6
1692,1
854,1
18999,7
9860,4
15036,6
9434,4
13274,5
4034,2
18508,7
7009,3
15489,6
15156,6
18198,7
15772,6
3684,2
19203,7
10465,4
12137,5
18683,7
4044,2
10224,4
9437,4
16211,6
6849,3
15898,6
12168,5
15776,6
10041,4
3674,2
10176,4
16406,6
18355,7
18476,7
3336,2
18540,7
7588,3
21142,8
19544,7
18795,7
3939,2
12000,5
4701,2
1684,1
6646,3
4342,2
12877,5
16435,6
10566,4
583,1
15611,6
6466,3
4538,2
12151,5
6068,3
562,1
7637,3
12552,5
18236,7
515,1
1084,1
1669,1
15153,6
3126,2
21085,8
1154,1
4033,2
9505,4
13055,5
14881,6
21274,8
7577,3
19146,7
833,1
13058,5
7150,3
21224,8
21164,8
638,1
6862,3
10358,4
12734,5
10642,4
10527,4
6538,3
10590,4
15132,6
879,1
7268,3
8869,4
7622,3
5,1
4246,2
9246,4
4319,2
18023,7
3686,2
6250,3
7175,3
15856,6
12256,5
10014,4
9850,4
1152,1
18695,7
577,1
6165,3
19209,7
6542,3
856,1
16123,6
18151,7
9475,4
15307,6
10173,4
9558,4
15112,6
18068,7
6892,3
12920,5
10214,4
19330,7
3563,2
20781,8
7178,3
20804,8
12739,5
4145,2
9180,4
10532,4
13463,5
16596,6
3036,2
9542,4
540,1
4001,2
9356,4
9151,4
11953,5
12090,5
21065,8
12307,5
12843,5
18602,7
787,1
19558,7
1414,1
17883,7
155,1
12553,5
4204,2
1691,1
18290,7
6410,3
12202,5
6259,3
3928,2
3090,2
8996,4
572,1
10268,4
9409,4
3011,2
16206,6
13066,5
4589,2
4522,2
21601,8
9658,4
4170,2
983,1
16441,6
191,1
15280,6
7488,3
702,1
21468,8
609,1
20983,8
302,1
4615,2
21297,8
1063,1
17913,7
4639,2
1072,1
17869,7
3400,2
15384,6
12086,5
12955,5
12426,5
18542,7
7040,3
12430,5
14956,6
12743,5
18485,7
9155,4
15100,6
10585,4
7292,3
226,1
4549,2
9451,4
16626,6
13501,5
4631,2
1698,1
10453,4
1048,1
4641,2
12797,5
15095,6
21599,8
18106,7
18525,7
7133,3
6893,3
1222,1
9571,4
15668,6
6383,3
7310,3
15441,6
6890,3
10504,4
9254,4
13099,5
20722,8
959,1
19267,7
18663,7
4064,2
19253,7
6830,3
7372,3
4156,2
3395,2
99,1
21382,8
3752,2
18610,7
13192,5
19412,7
6596,3
15586,6
9093,4
1653,1
19488,7
15837,6
18618,7
9754,4
9852,4
6896,3
1158,1
3450,2
15823,6
4365,2
12147,5
16197,6
11905,5
20755,8
4303,2
6946,3
19196,7
8977,4
3244,2
19109,7
15157,6
13562,5
21289,8
263,1
18808,7
6457,3
9088,4
10175,4
12867,5
12902,5
2997,2
7134,3
21613,8
3580,2
10253,4
9314,4
3154,2
4171,2
13427,5
3038,2
1739,1
4106,2
18648,7
13085,5
3181,2
15510,6
10103,4
11845,5
4006,2
662,1
15935,6
3706,2
18837,7
6679,3
15288,6
18707,7
13547,5
9844,4
19039,7
3125,2
11872,5
198,1
12524,5
4126,2
12751,5
3522,2
6786,3
14907,6
21257,8
6615,3
18688,7
203,1
4705,2
7330,3
9089,4
15874,6
9346,4
18154,7
1712,1
7572,3
7649,3
18922,7
10085,4
21377,8
9410,4
12911,5
857,1
7135,3
20762,8
16301,6
701,1
18577,7
18402,7
6092,3
1641,1
12027,5
12301,5
18904,7
4776,2
1296,1
10142,4
3048,2
7632,3
6159,3
4499,2
1500,1
19216,7
18891,7
12741,5
3193,2
666,1
6144,3
6810,3
9084,4
9130,4
14850,6
12273,5
15423,6
9419,4
18040,7
10335,4
19526,7
1311,1
12139,5
16378,6
18739,7
9147,4
16179,6
15670,6
1668,1
9004,4
21516,8
21549,8
6023,3
3888,2
18477,7
15738,6
18098,7
17981,7
9471,4
4352,2
18752,7
15863,6
10227,4
1062,1
7034,3
4437,2
1683,1
10452,4
9931,4
12321,5
1762,1
9575,4
20881,8
7516,3
13502,5
12155,5
3985,2
866,1
12605,5
1489,1
10598,4
12468,5
9533,4
7534,3
207,1
6885,3
10498,4
15011,6
21253,8
10470,4
505,1
12132,5
1031,1
6236,3
18055,7
12857,5
7456,3
15711,6
12901,5
18150,7
3926,2
14945,6
19111,7
3649,2
21389,8
11962,5
4299,2
13139,5
9835,4
4294,2
9741,4
16419,6
4756,2
9448,4
21225,8
21279,8
394,1
10295,4
9173,4
7658,3
15636,6
3890,2
3222,2
9017,4
3763,2
12753,5
65,1
19371,7
3257,2
7676,3
11955,5
13431,5
13318,5
9888,4
7258,3
19490,7
7286,3
15217,6
881,1
13276,5
12663,5
10423,4
12639,5
9996,4
12616,5
1019,1
15416,6
19275,7
12376,5
21327,8
18781,7
998,1
16122,6
6694,3
162,1
9230,4
10433,4
15641,6
12736,5
6239,3
17968,7
18908,7
1024,1
4268,2
12302,5
6339,3
1590,1
16096,6
4347,2
12973,5
19511,7
778,1
17903,7
15619,6
11846,5
9040,4
9792,4
15504,6
10604,4
3807,2
12260,5
18208,7
16182,6
13180,5
16202,6
16504,6
13539,5
16576,6
8947,4
18277,7
13585,5
6286,3
4751,2
18631,7
1533,1
1272,1
12481,5
3094,2
7056,3
4200,2
3929,2
190,1
15947,6
15116,6
3942,2
3242,2
12596,5
3753,2
15223,6
13413,5
18293,7
9953,4
20784,8
4580,2
6953,3
1188,1
9977,4
7451,3
8865,4
3628,2
10509,4
16532,6
772,1
1690,1
13069,5
18309,7
18598,7
18890,7
9133,4
6823,3
469,1
9822,4
9289,4
18513,7
19247,7
7591,3
8944,4
863,1
12017,5
